Date,Bloomberg US Tbill Index 1-3 Months,HYDRA Platform Metori Global Trend Cell,Metori Epsilon Diversified Program,Quantica Managed Futures Program,AlphaSimplex Managed Futures Strategy,Aspect Diversified Programme,Crabel Advanced Trend Program,Welton Trend,Winton Trend Fund,Lynx Fund,Transtrend Diversified Trend Program,DUNN WMA Program,SMN Diversified Futures Fund,Systematica BlueTrend,Winton Diversified Macro,The Winton Fund,AlphaQuest Original Program,Drury Diversified Trend-Following Program,Rotella Qdeck Systematic Trend Program,Kaiser Global Diversified Program,FORT Global Trend Program,Campbell Managed Futures Portfolio,Graham K4D-10V,ETC Evolution Strategy,Auspice Diversified Trust,Conquest Managed Futures Select (MFS),Trend Plus Strategy (PGIM),Revolution Mosaic Institutional Program,KeyQuant Key Trends Fund,AQR Managed Futures UCITS Fund,Fulcrum Multi Asset Trend Fund,PIMCO  Managed Futures Strategy Fund,Man AHL Trend Alternative,PIMCO TRENDS Managed Futures Strategy Fund6,CFM ISTrends Program,ISAM Vector,Mulvaney Global Markets Fund,One River Systematic Trend Fund,Episteme Trend,IIM Crystal Bay Ubitrend,Florin Court Capital Fund,Aspect Core Trend HV,SPQI Select Trading Program,Efficient Capital Best Trend 15v,Abrdn MOSERS Trend,HFRXSDV Base,SG Trend Index
2/28/25,0.37%,2.30%,1.45%,-2.72%,-3.59%,-3.27%,-2.45%,-1.30%,-4.00%,-0.92%,-9.94%,-5.12%,-5.59%,-4.25%,-2.70%,-0.90%,-3.66%,-4.88%,,-1.23%,-2.70%,-1.80%,-0.57%,-3.26%,-2.50%,,,,,3.43%,-0.76%,-2.15%,-4.98%,,0.80%,-4.86%,-13.36%,,-2.20%,-1.32%,-4.07%,-3.31%,-5.63%,,,,
1/31/25,0.37%,0.83%,2.51%,-0.20%,0.97%,1.22%,0.39%,0.96%,0.00%,1.31%,0.91%,6.74%,0.80%,-1.12%,0.00%,0.30%,1.83%,-1.51%,,-2.50%,-0.41%,4.80%,2.04%,1.37%,0.64%,,,,,1.22%,1.17%,-2.18%,-1.44%,,0.80%,-1.38%,12.45%,0.30%,-3.90%,1.30%,-3.30%,-0.05%,0.75%,2.22%,,-0.27%,0.15%
12/31/24,0.40%,1.96%,1.55%,-0.40%,0.74%,0.60%,0.28%,0.09%,1.94%,1.70%,1.57%,0.90%,-1.15%,1.42%,1.72%,1.35%,-3.16%,2.24%,,2.40%,0.85%,3.80%,1.85%,0.98%,1.73%,,,,,3.19%,-0.63%,2.58%,3.80%,2.65%,0.10%,-0.08%,12.76%,3.00%,-1.30%,-8.43%,-0.02%,-0.12%,2.13%,2.10%,,1.55%,1.48%
11/30/24,0.39%,2.34%,4.71%,3.20%,1.96%,2.13%,1.15%,1.53%,1.31%,3.75%,7.07%,6.20%,-0.79%,3.19%,0.22%,0.34%,-0.03%,4.30%,,-0.77%,-0.12%,1.10%,1.01%,1.70%,0.80%,,,,,2.17%,3.07%,1.66%,2.74%,2.21%,4.40%,6.45%,6.99%,3.70%,0.90%,3.59%,3.71%,2.69%,1.36%,1.70%,,1.60%,3.27%
10/31/24,0.39%,-2.96%,2.12%,-4.20%,-5.43%,-6.02%,-6.12%,-4.66%,-3.60%,-5.23%,-4.45%,-8.92%,-3.99%,-5.25%,-1.32%,0.83%,-6.45%,-1.58%,,-1.62%,-2.43%,-2.60%,-2.94%,-3.63%,-3.00%,,,,-4.03%,-2.98%,-4.06%,-3.71%,-7.07%,-3.86%,0.35%,-1.22%,-12.25%,-7.30%,-0.50%,-12.81%,-4.51%,-7.30%,-3.44%,-4.51%,,-3.44%,-4.30%
9/30/24,0.43%,0.94%,-2.86%,2.70%,1.65%,0.98%,2.05%,1.56%,0.21%,2.02%,-0.91%,1.03%,1.20%,-0.33%,0.08%,-0.51%,4.82%,-3.57%,,-0.05%,1.19%,3.30%,1.14%,2.01%,0.85%,,,,0.56%,2.75%,2.61%,1.37%,3.73%,1.17%,0.94%,-1.83%,3.10%,4.80%,-0.20%,2.33%,-0.37%,1.60%,1.31%,0.66%,,1.99%,0.98%
8/31/24,0.48%,-5.58%,-7.40%,-0.80%,-6.75%,-3.79%,-7.10%,-4.77%,-3.11%,-4.87%,-4.24%,-3.54%,-6.80%,-5.56%,-1.76%,-0.16%,-1.25%,-11.51%,,-3.56%,-1.30%,-1.90%,-7.41%,0.19%,-1.78%,,,,-1.30%,-1.13%,-3.55%,-2.99%,-7.37%,-3.31%,-2.51%,-5.08%,-20.10%,-10.50%,-0.20%,-13.44%,-1.63%,-4.77%,-1.14%,-5.87%,,-3.63%,-4.51%
7/31/24,0.49%,-0.81%,1.24%,-1.00%,-2.00%,0.52%,-3.40%,-0.99%,-1.95%,-0.56%,-5.15%,-2.19%,-4.49%,-1.42%,-2.73%,-1.29%,-4.93%,-5.85%,,-2.67%,-2.86%,3.00%,-3.64%,-0.20%,-0.97%,,-1.51%,,1.71%,-5.50%,-2.29%,-0.82%,-5.74%,-1.03%,1.34%,-2.95%,-10.55%,1.99%,1.20%,-9.37%,-1.81%,-0.98%,-4.93%,-2.50%,,-2.55%,-2.41%
6/30/24,0.49%,0.44%,-3.51%,-1.90%,-4.32%,-2.29%,-3.44%,0.20%,-1.80%,3.09%,-5.09%,-4.79%,-1.27%,-2.52%,-1.70%,-0.20%,-1.10%,1.28%,,-2.07%,-1.28%,1.90%,-0.07%,-3.24%,-2.64%,,-2.31%,,-3.99%,-1.79%,-2.68%,-2.33%,-2.93%,-2.64%,-0.90%,-3.85%,-6.01%,-1.11%,-0.90%,-11.82%,-5.19%,-1.70%,-4.13%,-3.22%,-1.99%,-1.50%,-2.68%
5/31/24,0.43%,1.60%,0.02%,-0.40%,-1.04%,-3.98%,-0.65%,-2.77%,-0.60%,-4.58%,-2.25%,-7.47%,0.11%,-4.11%,-1.80%,-0.90%,-4.59%,-4.88%,,-4.28%,0.20%,-2.30%,-3.11%,-1.46%,-2.12%,,-2.28%,,-0.25%,-1.54%,-1.11%,-2.73%,-1.86%,-2.83%,-1.31%,-1.70%,6.31%,-3.58%,-3.20%,-4.81%,-1.62%,-3.66%,-3.64%,-3.14%,-0.73%,-0.72%,-2.30%
4/30/24,0.46%,-0.49%,0.37%,0.00%,2.87%,1.71%,0.96%,1.69%,2.50%,0.63%,1.44%,-1.73%,-3.41%,0.58%,2.30%,1.70%,7.47%,4.75%,,5.62%,3.70%,1.20%,0.90%,5.30%,2.71%,,1.29%,,1.94%,2.39%,-0.71%,1.67%,1.99%,1.53%,0.20%,0.62%,4.49%,2.45%,2.80%,8.75%,0.25%,3.40%,2.15%,1.89%,1.43%,3.51%,1.86%
3/31/24,0.42%,4.65%,6.01%,2.70%,4.05%,5.52%,5.89%,1.58%,2.80%,5.60%,5.59%,2.46%,3.25%,4.65%,3.10%,2.00%,5.67%,8.62%,,-0.41%,1.55%,2.70%,4.55%,0.96%,0.07%,,3.55%,,5.76%,3.60%,5.08%,1.45%,5.36%,1.64%,5.05%,5.72%,50.99%,3.19%,-1.00%,9.87%,0.68%,4.32%,-0.02%,4.92%,5.88%,3.85%,4.19%
2/29/24,0.44%,2.20%,5.75%,5.53%,5.08%,7.74%,5.75%,3.70%,3.70%,6.40%,9.29%,19.58%,3.89%,5.77%,4.10%,2.90%,-0.32%,10.18%,,1.87%,3.33%,5.00%,5.97%,0.19%,2.35%,,2.30%,,5.57%,7.69%,5.07%,1.64%,3.79%,2.82%,4.19%,10.62%,45.42%,9.73%,3.20%,21.70%,0.68%,7.28%,7.34%,8.83%,7.80%,1.23%,6.45%
1/31/24,0.47%,3.37%,7.35%,2.60%,-0.04%,5.32%,0.80%,-0.11%,1.84%,1.50%,4.27%,9.27%,1.73%,-1.20%,2.64%,3.67%,2.82%,2.77%,,1.08%,0.36%,-0.40%,4.59%,-1.31%,-1.48%,,2.44%,,-4.30%,0.55%,3.57%,-0.97%,-1.52%,-0.93%,6.10%,3.22%,2.21%,-4.95%,-0.40%,-5.02%,-1.82%,3.09%,1.38%,4.36%,2.02%,-0.69%,1.24%
12/31/23,0.45%,-1.29%,-5.32%,-0.60%,-0.54%,-4.08%,-3.66%,-1.90%,-0.65%,1.70%,-0.75%,-3.42%,-1.79%,1.72%,-1.01%,-3.25%,-1.17%,-4.69%,,1.35%,-3.10%,-3.90%,-5.66%,4.64%,0.02%,,4.37%,,2.38%,-2.30%,-4.31%,3.61%,1.66%,3.76%,-3.50%,-0.67%,-1.18%,1.94%,-3.00%,1.50%,4.68%,-1.97%,3.98%,-2.48%,-1.16%,-3.97%,-0.32%
11/30/23,0.46%,0.35%,2.37%,-5.10%,-7.50%,-3.05%,-5.12%,-3.61%,-1.55%,-5.90%,-4.15%,-11.79%,0.11%,-6.63%,-1.15%,-0.92%,-2.31%,-8.01%,,-11.17%,-5.41%,-3.90%,-3.88%,-1.66%,-3.35%,,-5.10%,,-4.69%,-3.52%,-4.90%,-6.00%,-7.03%,-5.73%,-1.40%,-3.08%,-7.28%,-10.44%,-1.20%,-12.89%,-3.67%,-4.79%,2.57%,-7.17%,-5.71%,0.60%,-4.87%
10/31/23,0.45%,0.05%,-1.29%,0.00%,0.51%,-0.32%,0.74%,-1.29%,0.65%,-1.80%,-0.84%,-6.43%,-2.51%,2.83%,0.13%,1.41%,-0.54%,-2.83%,,3.22%,-0.88%,-2.00%,-2.09%,-1.53%,-3.64%,,-0.42%,,-4.54%,1.61%,-0.45%,2.59%,2.71%,1.01%,3.10%,-1.90%,-3.22%,2.21%,-0.20%,-1.39%,-3.00%,1.56%,-1.51%,-1.69%,0.65%,2.10%,0.11%
9/30/23,0.45%,-2.66%,-4.74%,5.60%,3.57%,1.82%,2.73%,0.86%,2.52%,7.80%,1.26%,2.51%,0.27%,5.41%,2.86%,2.68%,7.48%,4.98%,,8.55%,3.90%,3.80%,2.95%,0.84%,3.62%,,2.46%,,7.48%,3.74%,0.52%,3.09%,5.32%,4.31%,0.60%,2.12%,6.23%,3.58%,1.20%,2.73%,3.27%,2.07%,0.28%,4.99%,4.56%,-0.45%,3.40%
8/31/23,0.44%,-1.07%,0.18%,1.20%,-2.21%,0.44%,-0.83%,-0.63%,-0.30%,0.40%,1.23%,-2.60%,-0.51%,-1.46%,1.73%,2.95%,-5.85%,-0.25%,,-1.19%,-0.43%,0.80%,0.91%,-4.23%,-0.04%,,-3.10%,,-4.94%,2.77%,0.61%,-3.55%,-2.48%,-3.87%,2.60%,-1.21%,2.90%,-5.29%,0.70%,-9.61%,-1.77%,-1.24%,-4.77%,0.21%,0.49%,-1.79%,-0.97%
7/31/23,0.43%,-1.32%,-2.05%,-1.20%,-0.73%,-0.17%,-0.24%,-1.59%,-0.43%,-3.80%,-3.00%,-1.11%,-0.19%,-1.82%,-0.86%,-1.11%,0.85%,-1.07%,,-3.09%,0.51%,-2.50%,0.77%,-0.77%,-0.29%,,-1.77%,,4.79%,-2.06%,-1.44%,-1.04%,-3.77%,-2.34%,0.20%,-1.82%,4.11%,0.07%,-0.70%,-5.64%,0.40%,-1.39%,-1.13%,-1.12%,-2.57%,2.41%,-1.55%
6/30/23,0.41%,3.62%,5.44%,3.10%,2.34%,1.89%,3.05%,0.68%,3.72%,1.90%,2.64%,7.36%,3.58%,1.43%,3.36%,1.51%,0.21%,3.47%,,-4.06%,5.54%,-1.50%,1.61%,-0.16%,-1.96%,,2.73%,,2.83%,0.33%,1.10%,4.50%,3.19%,0.09%,1.70%,0.99%,8.59%,-0.37%,-1.10%,0.95%,-0.63%,3.10%,7.77%,2.70%,3.58%,2.49%,2.04%
5/31/23,0.38%,0.70%,0.92%,2.60%,1.22%,3.67%,2.46%,-0.94%,1.52%,2.60%,3.26%,3.95%,4.17%,4.06%,2.84%,1.13%,-1.77%,4.28%,2.38%,1.47%,-0.34%,1.70%,1.16%,-2.64%,0.50%,,0.78%,-2.91%,-1.03%,3.45%,3.83%,1.35%,2.76%,3.74%,2.20%,7.90%,8.49%,2.04%,0.90%,12.15%,4.15%,3.72%,5.49%,2.16%,3.71%,1.88%,2.92%
4/30/23,0.40%,1.42%,4.52%,1.80%,1.76%,4.32%,2.15%,1.51%,1.84%,0.50%,10.53%,8.24%,9.51%,0.49%,3.44%,2.55%,2.08%,2.03%,2.02%,1.16%,-0.94%,0.10%,1.21%,-0.45%,2.45%,,-1.31%,0.35%,-1.73%,2.16%,3.54%,0.77%,2.46%,1.90%,2.80%,4.61%,15.30%,5.45%,1.70%,8.98%,2.27%,4.59%,5.46%,4.50%,3.02%,-6.66%,2.89%
3/31/23,0.35%,-7.07%,-6.01%,-7.40%,-10.66%,-7.73%,-5.48%,-1.22%,-3.48%,-8.70%,-9.76%,-14.84%,-1.62%,-10.92%,-3.63%,-1.45%,-7.43%,-8.12%,-5.72%,-3.43%,-6.05%,-1.80%,-6.78%,-0.70%,0.36%,,-6.98%,-5.83%,-14.51%,-5.77%,-4.31%,-7.11%,-7.14%,-7.00%,-1.60%,-8.38%,-3.33%,-9.15%,-1.50%,-12.18%,-5.86%,-7.38%,-10.75%,-9.51%,-10.92%,1.88%,-7.70%
2/28/23,0.34%,3.49%,4.23%,0.40%,2.09%,4.89%,2.21%,-2.40%,0.77%,1.50%,1.24%,11.41%,-0.08%,0.91%,3.19%,1.87%,-0.26%,1.40%,1.76%,-0.41%,3.23%,5.10%,3.27%,-1.35%,-3.30%,,1.03%,-2.16%,0.90%,4.52%,3.04%,-0.71%,1.46%,-0.09%,2.20%,3.96%,7.95%,1.12%,2.70%,-6.88%,0.00%,4.49%,8.07%,3.24%,3.31%,-0.98%,1.86%
1/31/23,0.35%,0.94%,-0.66%,0.10%,-1.18%,-2.27%,-2.59%,0.51%,-1.20%,-3.20%,0.65%,-8.94%,-0.94%,-3.02%,-0.94%,-1.65%,-4.21%,-0.91%,-4.49%,-1.02%,-2.67%,0.60%,1.55%,1.36%,1.65%,,-4.25%,1.14%,0.03%,-2.64%,-3.13%,-0.31%,0.07%,0.71%,-1.40%,-3.18%,5.59%,1.03%,0.60%,-0.15%,-0.13%,-4.32%,-2.83%,-0.06%,-0.47%,-0.05%,-1.37%
12/31/22,0.31%,-0.75%,-1.67%,-1.50%,-0.79%,0.32%,-0.60%,-2.07%,0.95%,1.00%,-2.47%,4.05%,-2.81%,0.19%,-0.20%,0.62%,1.26%,-4.46%,2.50%,0.06%,2.14%,-2.30%,-3.92%,-0.31%,-0.30%,,1.85%,-0.04%,2.03%,0.71%,2.37%,-0.85%,-0.37%,-0.52%,1.50%,-2.21%,6.64%,0.43%,3.50%,-1.65%,1.50%,0.97%,-0.60%,-0.21%,-0.39%,-4.98%,-0.23%
11/30/22,0.21%,-2.52%,-6.33%,-5.80%,-7.63%,-4.30%,-7.86%,-5.20%,-4.47%,-8.60%,-8.00%,-8.25%,-7.08%,-4.54%,-5.08%,-2.95%,-5.72%,-12.10%,-6.63%,-3.58%,-6.52%,-3.10%,-4.38%,-0.37%,-3.61%,,-3.60%,1.01%,-9.13%,-4.80%,-6.65%,-7.20%,-5.40%,-8.97%,-6.20%,-11.88%,-18.80%,-9.81%,-2.80%,-19.45%,-5.29%,-7.05%,-2.27%,-6.70%,-7.93%,-0.18%,-6.03%
10/31/22,0.21%,-0.14%,3.45%,0.30%,-0.72%,1.85%,-1.97%,-0.73%,-1.21%,0.30%,1.27%,0.56%,1.80%,-1.22%,0.11%,0.28%,-2.54%,0.44%,0.49%,-1.11%,-1.53%,0.80%,3.61%,-1.07%,-0.72%,,-1.09%,-1.64%,-0.61%,0.30%,0.12%,1.31%,0.09%,-0.07%,0.20%,-1.38%,-6.95%,-1.38%,1.70%,-4.93%,-0.83%,-0.04%,5.45%,0.87%,0.33%,6.49%,0.19%
9/30/22,0.19%,7.98%,3.68%,5.70%,9.69%,5.16%,8.38%,4.48%,5.87%,10.00%,5.28%,7.07%,1.47%,7.05%,2.49%,1.31%,7.19%,6.13%,11.60%,7.01%,5.42%,4.00%,0.65%,1.89%,1.92%,,4.93%,4.22%,5.48%,5.54%,4.28%,7.70%,9.52%,6.93%,5.60%,1.15%,17.51%,13.35%,1.80%,19.01%,2.17%,7.71%,4.75%,6.52%,9.85%,3.17%,5.76%
8/31/22,0.08%,5.26%,6.99%,3.40%,5.67%,5.80%,5.99%,2.19%,3.68%,3.00%,2.34%,13.15%,5.50%,4.57%,3.81%,2.10%,2.00%,-0.26%,8.05%,1.02%,1.34%,4.60%,2.21%,-1.46%,-0.30%,,1.23%,-0.18%,1.32%,3.40%,5.66%,0.47%,2.42%,0.77%,6.50%,5.60%,17.30%,2.05%,1.30%,1.08%,4.38%,6.77%,0.57%,4.76%,6.64%,-3.89%,3.99%
7/31/22,0.05%,-1.55%,-2.42%,-6.40%,-6.33%,-3.51%,-4.81%,-1.94%,-4.46%,-4.60%,-6.23%,-6.10%,-3.08%,-4.43%,-2.91%,-1.88%,-1.70%,-3.84%,-2.09%,-3.41%,-0.81%,-1.60%,-1.46%,1.99%,-2.50%,,-1.72%,2.14%,-2.78%,-3.79%,-4.92%,-2.69%,-4.65%,-4.51%,-5.00%,-5.82%,-13.95%,-6.63%,-2.00%,-16.74%,1.07%,-5.13%,-3.51%,-3.75%,-6.65%,3.45%,-4.41%
6/30/22,0.05%,2.15%,-1.28%,2.80%,7.57%,3.66%,4.12%,2.64%,0.76%,5.10%,-3.24%,1.99%,4.77%,5.79%,1.26%,1.14%,1.23%,-0.70%,-0.52%,1.76%,-7.24%,5.30%,1.89%,0.94%,0.52%,,8.51%,0.64%,0.65%,5.21%,3.45%,5.00%,3.08%,4.29%,1.90%,-2.83%,7.70%,7.41%,0.10%,1.24%,2.52%,5.14%,-5.90%,0.84%,4.36%,-0.75%,2.57%
5/31/22,0.02%,-0.89%,-1.68%,-0.50%,-1.33%,0.54%,-0.53%,-0.72%,-0.64%,1.10%,-2.18%,-1.24%,-2.55%,-1.18%,-0.33%,-0.57%,-0.73%,-0.11%,0.00%,0.68%,-1.48%,-1.20%,-0.12%,-0.89%,-1.90%,,-1.37%,-0.31%,-0.94%,-0.46%,-0.10%,-1.67%,-0.73%,-1.20%,0.50%,1.01%,-2.31%,-1.64%,0.20%,-4.19%,-0.74%,-0.26%,0.00%,0.16%,-1.01%,5.19%,-0.20%
4/30/22,0.02%,3.76%,6.40%,5.30%,11.55%,8.36%,6.07%,4.44%,4.38%,8.50%,7.81%,8.41%,6.30%,5.85%,3.88%,3.72%,9.81%,7.80%,0.46%,6.34%,-2.34%,7.00%,6.60%,1.23%,3.48%,,4.84%,6.39%,4.36%,5.45%,6.21%,5.08%,6.79%,6.48%,5.40%,8.24%,26.42%,8.04%,3.40%,13.21%,2.72%,7.32%,4.77%,8.62%,8.23%,6.94%,7.06%
3/31/22,0.01%,4.96%,11.82%,7.20%,12.83%,9.08%,8.61%,7.73%,7.61%,10.60%,13.73%,13.52%,11.58%,8.72%,8.20%,6.14%,13.38%,12.53%,-1.09%,-1.75%,-0.46%,9.00%,8.64%,6.01%,7.55%,,8.39%,-0.15%,6.42%,9.36%,9.99%,3.00%,6.90%,5.67%,9.30%,15.25%,21.49%,9.02%,2.70%,12.27%,4.87%,11.21%,10.48%,10.84%,11.26%,1.54%,9.67%
2/28/22,0.00%,0.05%,2.53%,3.90%,3.68%,2.55%,3.18%,2.48%,3.35%,4.40%,5.67%,8.45%,0.44%,4.42%,3.75%,3.06%,0.69%,5.73%,0.55%,3.19%,1.13%,0.20%,3.14%,3.56%,3.66%,,5.08%,-2.81%,3.53%,2.07%,1.91%,1.66%,0.25%,3.03%,1.80%,4.69%,6.47%,3.02%,1.60%,12.57%,3.59%,3.04%,-0.52%,5.91%,3.61%,-0.44%,3.68%
1/31/22,0.00%,-1.37%,2.15%,-2.90%,2.96%,5.92%,2.57%,1.52%,1.82%,2.10%,3.35%,9.14%,-2.43%,2.40%,2.75%,3.18%,-0.60%,1.17%,-1.57%,-3.15%,-2.22%,5.50%,3.34%,0.61%,1.80%,,1.76%,1.72%,2.40%,5.06%,4.36%,-0.69%,-3.99%,0.35%,0.30%,4.53%,14.69%,-0.53%,1.10%,-0.84%,0.64%,3.87%,1.30%,0.93%,-0.34%,0.68%,3.50%
12/31/21,0.00%,1.62%,,-3.20%,2.77%,2.64%,1.52%,0.16%,0.52%,-1.40%,-1.63%,6.02%,-0.25%,0.78%,1.41%,3.30%,-1.90%,3.59%,1.17%,1.43%,-2.24%,0.40%,1.30%,-4.93%,-1.59%,,0.16%,-1.13%,1.79%,1.12%,2.45%,0.44%,-0.09%,1.80%,1.40%,0.95%,1.37%,0.48%,0.20%,4.01%,-0.48%,1.98%,2.18%,0.57%,-0.53%,-4.38%,0.49%
11/30/21,0.00%,-2.84%,,0.10%,-8.21%,-5.25%,-7.99%,-2.62%,-5.49%,-2.50%,-2.58%,-15.30%,-3.24%,-8.10%,-5.24%,-3.61%,-4.82%,-7.55%,-1.46%,-3.36%,2.67%,-2.20%,-2.54%,-1.35%,-3.72%,,-5.10%,-1.36%,-12.40%,-8.06%,-5.38%,-3.20%,-7.27%,-4.81%,-3.60%,-5.04%,-21.22%,-4.81%,-5.30%,-12.15%,-0.62%,-8.01%,-2.62%,-6.39%,-5.54%,2.10%,-4.73%
10/31/21,0.00%,2.04%,,-4.30%,4.44%,-1.37%,8.15%,3.40%,3.20%,1.10%,3.02%,8.78%,9.13%,3.42%,0.42%,0.36%,7.65%,1.31%,1.73%,1.16%,3.34%,1.30%,0.46%,6.88%,1.18%,,4.03%,3.31%,9.08%,4.55%,5.09%,2.68%,4.62%,2.99%,1.90%,6.61%,9.85%,6.11%,0.20%,11.05%,5.03%,4.06%,3.97%,2.38%,1.25%,-1.10%,3.12%
9/30/21,0.00%,-0.92%,,-4.40%,-2.24%,4.11%,-1.80%,1.28%,-0.08%,1.10%,2.73%,1.13%,0.55%,-0.33%,2.89%,1.41%,-0.12%,4.69%,-3.59%,-1.55%,-2.75%,-0.40%,-1.26%,0.06%,0.40%,,-1.50%,0.15%,-6.24%,0.86%,2.27%,0.17%,-5.34%,3.19%,3.20%,9.50%,9.90%,0.47%,2.20%,-4.60%,8.13%,3.16%,1.93%,-1.28%,-2.35%,0.06%,1.85%
8/31/21,0.00%,-0.71%,,0.70%,-0.87%,2.23%,-0.74%,-0.08%,-0.11%,-2.10%,2.10%,-0.71%,4.23%,-0.53%,1.44%,0.85%,-1.82%,-0.36%,-0.63%,-2.06%,0.01%,-1.10%,0.07%,-2.94%,0.83%,,-0.25%,-2.75%,-4.05%,-0.84%,1.72%,0.87%,-0.70%,1.78%,1.40%,3.43%,2.54%,0.70%,-0.30%,-5.24%,3.10%,0.37%,-0.80%,-0.40%,-0.29%,-0.72%,0.44%
7/31/21,0.00%,-2.29%,,0.00%,0.66%,0.02%,-3.15%,0.72%,0.03%,1.40%,3.38%,-2.57%,7.91%,0.85%,1.41%,2.02%,0.74%,4.14%,2.00%,3.87%,1.89%,0.80%,-0.74%,0.51%,-1.44%,,2.02%,-3.82%,1.02%,-3.16%,-0.12%,0.09%,1.37%,1.17%,0.70%,3.55%,5.05%,-1.93%,0.50%,8.77%,1.26%,-1.79%,1.00%,1.01%,-1.84%,-2.15%,0.59%
6/30/21,0.00%,-1.71%,,-3.40%,-2.26%,-3.99%,-4.42%,-0.94%,-1.59%,-2.80%,-1.29%,-4.50%,0.41%,-2.97%,-0.06%,-0.30%,-0.33%,3.19%,-1.24%,0.79%,0.20%,-0.10%,-0.21%,-0.69%,-1.52%,,-0.65%,-2.70%,-6.77%,-3.48%,-1.91%,-0.52%,-1.38%,0.84%,-2.20%,0.37%,-4.59%,-3.95%,-3.30%,-6.09%,1.74%,-2.74%,-1.73%,-1.38%,-3.89%,1.11%,-2.09%
5/31/21,0.00%,2.06%,,1.00%,2.30%,3.19%,2.81%,2.63%,1.52%,2.20%,3.39%,2.54%,3.85%,3.85%,2.68%,2.23%,-1.23%,-1.06%,0.07%,-0.18%,0.39%,2.50%,0.50%,0.17%,0.52%,,0.98%,-4.65%,4.74%,1.11%,1.65%,1.32%,2.48%,2.50%,1.10%,4.23%,5.19%,2.70%,1.30%,-0.25%,3.96%,2.05%,0.90%,2.95%,2.61%,1.24%,2.70%
4/30/21,0.00%,-1.21%,,2.30%,2.82%,3.06%,3.18%,3.69%,2.54%,0.60%,1.82%,7.66%,8.64%,5.52%,2.91%,2.55%,2.68%,3.16%,2.73%,4.30%,0.07%,2.50%,3.08%,-1.03%,4.67%,,3.05%,1.75%,5.98%,0.75%,2.66%,-1.13%,1.79%,1.60%,3.90%,5.56%,8.51%,3.89%,1.90%,11.32%,2.62%,2.55%,11.61%,4.26%,2.00%,0.41%,2.81%
3/31/21,0.00%,0.21%,,-1.00%,1.06%,3.51%,0.51%,1.57%,1.35%,-0.40%,2.80%,1.64%,-0.17%,0.89%,1.02%,0.02%,2.90%,2.99%,0.49%,5.31%,1.25%,6.10%,0.92%,-2.09%,-0.97%,,0.14%,3.37%,3.78%,-0.45%,0.13%,2.23%,2.96%,1.94%,-0.30%,0.11%,0.86%,1.09%,-1.90%,-2.75%,4.61%,1.14%,0.85%,2.13%,-0.14%,2.96%,1.09%
2/28/21,0.01%,-0.09%,,7.10%,4.65%,2.21%,3.51%,5.90%,4.34%,4.20%,4.73%,3.38%,4.86%,1.04%,2.59%,2.83%,13.09%,7.47%,4.17%,9.55%,-1.19%,3.60%,1.28%,5.79%,9.91%,,8.81%,2.64%,3.80%,4.01%,3.82%,0.18%,2.89%,1.66%,2.00%,4.76%,14.00%,5.89%,2.10%,12.23%,-2.87%,3.15%,6.20%,4.47%,6.07%,-0.64%,3.63%
1/31/21,0.00%,-0.31%,,1.70%,-0.46%,-1.21%,-0.67%,-0.34%,0.25%,-0.30%,1.65%,-1.66%,-0.32%,-1.71%,-0.12%,0.75%,-4.84%,2.76%,-0.87%,-3.10%,-0.61%,-2.20%,-1.59%,-4.00%,2.55%,,-0.13%,-0.73%,-1.85%,0.48%,-0.42%,-0.88%,-3.47%,-0.49%,1.50%,-1.98%,2.19%,-0.39%,0.80%,-0.36%,-1.24%,-1.68%,2.72%,-0.31%,0.11%,3.95%,-0.75%
12/31/20,0.01%,2.52%,,5.60%,4.88%,7.64%,8.24%,3.95%,5.16%,8.20%,7.67%,8.01%,10.10%,10.72%,4.79%,3.27%,1.44%,5.90%,3.83%,4.87%,1.37%,4.40%,3.73%,-0.25%,7.88%,,4.30%,1.80%,4.61%,2.54%,3.44%,2.82%,7.27%,4.83%,6.50%,11.05%,19.60%,9.25%,1.80%,12.62%,6.35%,4.81%,9.37%,7.65%,6.99%,0.71%,6.59%
11/30/20,0.00%,1.03%,,4.80%,3.74%,-1.41%,4.88%,5.77%,2.48%,4.70%,-0.50%,-0.43%,-0.36%,4.83%,-1.94%,-4.09%,-4.29%,6.51%,1.36%,-9.80%,0.58%,2.50%,1.25%,0.91%,2.90%,,4.53%,2.48%,4.96%,-2.80%,-1.54%,0.64%,1.54%,1.74%,1.50%,2.32%,0.60%,4.83%,3.50%,9.96%,-3.10%,-1.97%,3.82%,2.21%,1.94%,-0.97%,1.18%
10/31/20,0.01%,-0.73%,,-2.20%,-0.33%,-0.20%,-0.40%,-0.85%,-1.08%,-1.90%,1.94%,-0.22%,6.19%,-2.87%,0.35%,-0.27%,0.17%,-3.02%,-0.55%,2.46%,-0.88%,0.90%,-0.05%,-3.06%,0.98%,,-0.87%,-2.33%,-1.42%,0.09%,0.10%,-0.55%,-1.82%,0.20%,0.10%,2.07%,2.38%,-0.48%,1.30%,6.26%,1.32%,0.49%,-3.23%,-1.08%,-0.71%,-2.10%,0.58%
9/30/20,0.01%,-0.63%,,-3.60%,-3.25%,-1.05%,-2.45%,-1.20%,-2.57%,-4.40%,-3.62%,-5.22%,-3.49%,-4.48%,-0.21%,-0.24%,-6.69%,-3.85%,-1.35%,-0.28%,-1.22%,-0.40%,-3.79%,-1.09%,-2.21%,,-5.27%,-4.44%,-1.72%,-0.91%,-0.81%,-3.00%,-3.29%,-2.90%,-0.80%,-3.85%,-11.89%,-1.62%,0.60%,-8.20%,-1.24%,-0.71%,-6.45%,-2.17%,-3.66%,-0.07%,-2.69%
8/31/20,0.01%,1.11%,,1.30%,0.98%,-5.28%,-0.96%,-0.27%,0.40%,0.00%,-1.52%,1.67%,-2.15%,-1.72%,-3.05%,-3.13%,-3.43%,1.89%,0.34%,-3.33%,-0.70%,-4.00%,1.80%,-2.16%,2.05%,,3.11%,0.59%,-0.82%,-0.88%,-3.41%,0.53%,0.50%,-0.97%,-1.50%,-1.90%,-2.53%,-4.99%,1.50%,6.15%,-2.47%,-3.21%,6.73%,-2.46%,0.79%,1.89%,-1.49%
7/31/20,0.01%,0.83%,,2.90%,5.39%,0.91%,2.40%,1.43%,1.58%,7.50%,5.77%,-1.20%,5.20%,2.96%,-1.78%,0.03%,5.35%,3.99%,2.24%,0.94%,2.52%,-0.20%,5.31%,4.45%,3.46%,,4.09%,3.40%,6.64%,-0.63%,1.46%,3.68%,2.77%,3.10%,1.10%,3.89%,3.40%,-1.92%,0.60%,6.44%,3.61%,0.35%,2.04%,2.03%,2.61%,-0.94%,3.06%
6/30/20,0.00%,-0.74%,,0.20%,-1.33%,-2.13%,-2.21%,-1.23%,-1.30%,-0.60%,-1.87%,-3.47%,-3.08%,-1.66%,-3.18%,-2.76%,-0.43%,1.56%,-0.15%,-3.46%,0.72%,-2.60%,-1.19%,1.96%,0.28%,,1.23%,-2.24%,-0.88%,-1.77%,-1.13%,-1.00%,-2.13%,-2.90%,-1.30%,-2.07%,-0.21%,-3.39%,-0.90%,-2.06%,-2.51%,-2.01%,-1.22%,-2.23%,-1.57%,-1.16%,-1.73%
5/31/20,0.00%,-0.08%,,-0.70%,-3.00%,-1.51%,-4.42%,-1.09%,-1.47%,-1.74%,0.25%,-2.87%,-1.07%,-1.98%,-4.07%,-2.33%,-4.36%,-0.12%,-1.67%,-5.40%,-0.12%,-2.70%,1.43%,-1.35%,-0.47%,,-0.67%,0.22%,-2.77%,-1.71%,-1.68%,0.09%,-2.46%,-0.28%,-1.40%,-1.74%,-5.52%,-2.87%,0.70%,-2.62%,-0.37%,-2.57%,-0.06%,-2.86%,-0.86%,-0.13%,-1.53%
4/30/20,0.21%,-0.24%,,3.30%,-0.18%,-1.11%,-0.25%,-0.41%,-1.73%,2.32%,1.54%,0.43%,-1.13%,-1.12%,-0.05%,0.41%,-0.18%,-0.24%,2.53%,-2.52%,0.30%,-0.40%,2.66%,0.44%,-3.22%,,0.31%,-0.94%,-0.21%,0.21%,0.30%,-1.26%,-3.06%,-0.85%,0.40%,0.12%,-0.52%,-0.41%,1.50%,-1.92%,-0.91%,-1.15%,0.32%,2.26%,1.01%,1.11%,0.16%
3/31/20,0.13%,3.14%,,-3.00%,6.98%,0.48%,7.71%,3.72%,4.78%,-3.31%,-1.32%,7.79%,10.90%,4.58%,-4.24%,-7.37%,8.81%,9.81%,7.44%,0.84%,-2.34%,-1.00%,-2.22%,1.19%,9.63%,,-3.77%,5.50%,2.78%,5.70%,-5.57%,2.59%,7.54%,6.31%,-1.60%,5.82%,31.19%,4.49%,-0.10%,8.89%,1.75%,5.49%,-0.92%,-3.98%,3.19%,-1.11%,1.82%
2/29/20,0.12%,0.82%,,-5.20%,-0.02%,0.21%,4.36%,0.21%,0.10%,-4.15%,-1.03%,-5.77%,-7.51%,3.99%,-3.40%,-5.77%,0.58%,-1.84%,2.59%,0.79%,2.89%,1.80%,-7.54%,4.06%,-0.23%,,-1.00%,8.26%,-4.70%,-0.64%,-2.52%,1.98%,-2.03%,2.36%,-2.80%,1.71%,-7.08%,-7.67%,3.00%,1.43%,-2.30%,2.05%,2.23%,-4.07%,-1.70%,0.79%,-0.42%
1/31/20,0.14%,3.34%,,1.50%,0.45%,0.42%,5.41%,2.23%,0.66%,0.19%,0.21%,0.17%,1.79%,0.94%,-0.34%,-0.10%,7.32%,-7.86%,3.02%,0.62%,3.46%,6.00%,-1.42%,3.97%,-2.08%,,2.21%,2.62%,-1.25%,-2.59%,4.14%,-1.30%,-1.94%,-1.51%,4.40%,4.46%,-5.70%,2.09%,-1.30%,-7.70%,2.42%,-0.79%,8.45%,2.87%,1.08%,-0.55%,0.89%
12/31/19,0.12%,-1.26%,,-1.40%,-0.76%,-0.76%,-3.69%,-2.01%,0.63%,-0.94%,-0.51%,-0.47%,-0.56%,-0.01%,0.86%,1.49%,-1.80%,1.56%,-0.57%,0.13%,-1.13%,-3.40%,-3.27%,-0.94%,0.23%,-0.33%,-1.90%,-2.67%,-3.22%,0.94%,-2.68%,0.37%,1.36%,1.61%,-2.10%,0.12%,0.83%,-4.45%,0.30%,9.45%,4.31%,-1.35%,-3.77%,-1.08%,-0.27%,1.52%,-0.55%
11/30/19,0.17%,1.48%,,1.80%,-0.30%,2.00%,0.99%,0.78%,0.25%,0.81%,0.48%,2.86%,0.13%,0.55%,-1.36%,-0.76%,-0.38%,2.51%,-0.04%,3.65%,-0.61%,0.70%,2.59%,-3.61%,1.40%,-3.64%,-0.15%,1.88%,3.06%,-0.13%,2.16%,0.56%,2.17%,0.20%,1.30%,-0.23%,-5.46%,0.43%,-0.40%,2.31%,1.16%,1.10%,2.23%,1.00%,1.52%,-2.94%,0.83%
10/31/19,0.17%,-2.64%,,-1.50%,-3.30%,-3.52%,-5.79%,-3.12%,-3.24%,-6.19%,-5.24%,-6.04%,-6.38%,-5.38%,-2.01%,-1.28%,-0.90%,-5.01%,-2.31%,-0.02%,-3.33%,-4.90%,-0.99%,-2.01%,-1.35%,-4.15%,-3.22%,-0.51%,-4.31%,-3.88%,-2.90%,-1.21%,-6.18%,-1.31%,-3.80%,-6.37%,-12.09%,-5.55%,-1.00%,-3.24%,-1.36%,-3.28%,-1.02%,-3.74%,-4.05%,-2.13%,-4.15%
9/30/19,0.18%,-1.00%,,-0.70%,-2.88%,-3.87%,-4.94%,-3.53%,-6.16%,-4.72%,-5.06%,-11.16%,-13.82%,-5.89%,-2.66%,-2.87%,-4.44%,-6.77%,0.02%,-4.11%,-4.82%,-1.90%,-2.50%,-6.05%,-7.38%,-10.21%,-2.16%,-5.98%,-7.38%,-2.19%,-2.57%,-2.36%,-3.81%,-4.24%,-4.10%,-10.97%,-23.06%,-5.39%,-4.30%,-17.59%,-3.47%,-4.79%,-2.83%,-4.00%,-3.67%,2.82%,-5.26%
8/31/19,0.18%,2.98%,,3.50%,7.28%,7.04%,8.62%,6.21%,7.95%,8.43%,1.79%,12.10%,0.77%,8.39%,5.07%,3.87%,8.47%,7.00%,3.13%,8.01%,4.62%,4.10%,6.42%,6.35%,10.84%,10.52%,6.69%,9.57%,7.42%,1.86%,3.41%,1.28%,3.52%,3.05%,5.10%,7.38%,30.03%,7.73%,5.80%,10.46%,2.18%,6.19%,3.24%,5.32%,6.26%,3.12%,6.52%
7/31/19,0.21%,2.54%,,3.90%,2.26%,4.30%,5.03%,2.95%,2.91%,5.05%,7.34%,4.89%,3.91%,5.50%,3.03%,2.57%,2.10%,5.88%,0.77%,3.05%,0.66%,5.30%,4.58%,1.96%,0.46%,-0.62%,1.95%,-2.12%,4.05%,3.33%,5.13%,2.44%,8.47%,2.21%,4.50%,7.69%,9.03%,7.32%,2.80%,5.27%,0.70%,3.59%,3.37%,6.10%,5.60%,3.12%,4.82%
6/30/19,0.21%,4.83%,,5.90%,1.34%,5.08%,-0.03%,3.39%,2.34%,5.23%,1.19%,4.28%,4.33%,0.95%,-0.28%,-0.67%,6.06%,2.73%,2.43%,5.19%,4.30%,5.30%,3.78%,-0.46%,-0.43%,0.12%,5.05%,4.91%,12.37%,0.90%,3.05%,0.47%,3.73%,0.43%,5.00%,6.19%,6.87%,1.10%,2.80%,-6.06%,5.58%,3.28%,,3.67%,6.52%,-0.09%,2.75%
5/31/19,0.20%,0.50%,,-1.20%,-0.31%,-3.29%,3.60%,-0.18%,1.53%,-7.25%,-4.78%,0.99%,-7.26%,0.75%,-2.13%,-0.71%,6.52%,-6.28%,0.75%,-0.60%,3.53%,-1.60%,-4.10%,0.15%,-7.25%,6.08%,2.47%,3.22%,-2.95%,1.70%,-0.88%,0.19%,0.75%,-0.50%,0.00%,-5.04%,-5.06%,4.15%,1.50%,0.41%,1.92%,-2.74%,,-4.64%,-1.02%,1.83%,-2.47%
4/30/19,0.21%,2.73%,,1.80%,3.88%,4.79%,1.21%,2.03%,1.75%,6.72%,4.34%,1.57%,2.08%,4.32%,2.40%,1.21%,-1.54%,3.92%,1.56%,1.59%,-0.70%,2.80%,4.94%,-0.05%,3.50%,-0.51%,2.89%,0.47%,4.63%,1.42%,1.82%,1.15%,2.60%,1.42%,1.40%,4.72%,-1.96%,1.98%,3.50%,3.10%,-0.55%,4.70%,,5.60%,3.67%,2.15%,4.21%
3/31/19,0.18%,6.03%,,6.60%,6.16%,4.35%,6.22%,4.00%,4.68%,7.59%,6.24%,10.88%,2.60%,7.75%,1.77%,1.83%,3.98%,7.95%,3.83%,5.37%,5.48%,4.80%,5.17%,-0.41%,-0.69%,-0.24%,5.71%,-3.87%,12.29%,3.38%,3.83%,3.26%,8.67%,3.86%,2.90%,4.04%,10.04%,6.07%,0.80%,-1.91%,4.40%,6.01%,,7.89%,8.75%,-0.02%,5.46%
2/28/19,0.20%,0.40%,,0.10%,-0.85%,3.96%,0.36%,-0.44%,-0.78%,2.13%,2.16%,1.59%,1.25%,0.38%,0.83%,0.88%,-2.46%,-1.63%,-0.30%,-0.09%,0.07%,1.50%,1.91%,-1.17%,-0.50%,-3.18%,-2.41%,-0.21%,1.07%,0.03%,0.73%,-0.20%,-1.32%,0.42%,1.20%,2.04%,-2.99%,0.02%,-0.40%,-2.96%,0.13%,1.46%,,2.35%,0.16%,-2.59%,0.80%
1/31/19,0.19%,-0.55%,,4.20%,-2.99%,-0.84%,-6.81%,-3.76%,-2.84%,-0.81%,-4.93%,-3.44%,-3.70%,-3.31%,-1.36%,-2.38%,-7.73%,-5.91%,-0.53%,-4.87%,1.10%,-1.20%,-2.17%,-1.23%,-4.09%,-7.49%,3.79%,0.20%,-5.81%,-1.69%,-3.50%,-3.34%,-0.66%,-3.95%,-1.30%,-6.02%,-19.42%,-6.12%,-2.60%,-0.75%,-0.77%,-2.20%,,0.51%,0.20%,1.20%,-3.21%
12/31/18,0.18%,-2.45%,,3.00%,2.95%,-0.88%,1.28%,4.02%,2.08%,1.54%,-1.10%,3.96%,-0.89%,3.15%,-3.03%,-1.50%,0.92%,1.11%,3.32%,6.31%,0.97%,2.90%,-4.02%,1.70%,1.62%,5.33%,4.68%,0.44%,-2.59%,1.29%,0.39%,5.11%,7.30%,4.66%,-2.20%,2.89%,-6.35%,3.70%,-2.70%,1.51%,3.80%,-0.25%,,1.22%,2.07%,-0.24%,0.95%
11/30/18,0.18%,-1.19%,,1.80%,-2.27%,-2.04%,-2.15%,0.92%,-1.10%,0.10%,-1.36%,-5.85%,-1.88%,-2.67%,2.60%,1.40%,-8.42%,1.83%,-2.08%,-0.53%,2.64%,-0.50%,-2.59%,-0.83%,3.67%,-1.57%,-0.31%,-3.98%,-2.22%,-1.69%,-4.00%,-1.09%,-3.10%,0.53%,-3.00%,-1.35%,15.61%,-1.98%,2.60%,-2.20%,-4.75%,-3.52%,,0.73%,-0.85%,-3.63%,-1.76%
10/31/18,0.16%,-2.34%,,-7.30%,-6.54%,-9.23%,-3.95%,-2.47%,-3.75%,-3.62%,-6.65%,-11.96%,-7.90%,-2.92%,-2.01%,-2.55%,-2.66%,-9.49%,-5.88%,-9.71%,-1.09%,-4.00%,-4.44%,-1.11%,-4.66%,-0.20%,-1.12%,2.56%,-10.90%,-0.99%,-4.63%,1.82%,0.99%,1.08%,-5.30%,-11.36%,-25.85%,-1.01%,-0.90%,-0.71%,-4.19%,-8.25%,,-6.61%,-6.39%,-0.59%,-4.34%
9/30/18,0.16%,-1.42%,,-2.00%,-4.70%,-0.95%,-1.07%,0.04%,-0.76%,-1.86%,-0.86%,2.63%,-1.67%,-1.00%,-0.21%,-0.12%,1.43%,2.46%,-0.10%,-1.90%,-1.77%,-0.20%,1.99%,1.56%,-0.84%,-1.12%,-3.51%,-1.91%,-1.22%,-2.29%,-2.16%,-3.13%,-5.25%,-3.17%,-2.00%,-2.75%,-1.13%,-5.67%,-2.60%,-3.21%,1.20%,-0.85%,,-0.74%,-2.29%,2.67%,-0.97%
8/31/18,0.16%,0.03%,,2.90%,4.56%,3.12%,2.98%,2.33%,3.05%,6.42%,3.88%,3.71%,5.38%,1.78%,1.06%,1.40%,1.06%,0.95%,2.72%,3.44%,0.35%,2.90%,2.69%,0.35%,3.64%,2.26%,0.84%,-2.06%,2.72%,2.78%,5.20%,0.69%,4.17%,1.80%,5.10%,8.43%,16.31%,8.25%,1.60%,1.23%,6.13%,1.53%,,2.48%,4.06%,-0.81%,3.93%
7/31/18,0.16%,-0.22%,,0.60%,-0.35%,-0.77%,-1.50%,0.27%,-1.07%,-1.04%,0.72%,-1.54%,1.77%,-1.61%,0.14%,-0.46%,-5.45%,-0.90%,2.52%,-3.68%,-1.09%,-2.70%,-0.52%,0.80%,1.90%,-2.80%,-0.77%,0.47%,1.21%,0.16%,-0.62%,-0.97%,-2.42%,-1.15%,0.30%,0.39%,15.55%,2.34%,1.50%,0.14%,0.41%,-0.24%,,0.10%,-0.28%,0.09%,-0.81%
6/30/18,0.14%,0.05%,,1.20%,0.56%,2.02%,-0.23%,1.46%,,3.16%,2.05%,1.38%,0.24%,-0.95%,1.97%,1.16%,-0.47%,-2.07%,-0.65%,0.06%,0.08%,3.10%,-0.66%,0.29%,-1.45%,-0.74%,-2.21%,1.35%,2.27%,-0.18%,-1.43%,1.89%,1.52%,1.73%,-0.40%,-1.40%,4.18%,1.16%,2.40%,-1.54%,-0.45%,1.94%,,1.99%,1.20%,-0.94%,1.06%
5/31/18,0.14%,0.30%,,-2.70%,-1.84%,-9.29%,-7.31%,-0.32%,,-0.08%,-0.37%,-6.78%,-4.12%,-3.06%,-0.72%,-0.28%,1.38%,5.02%,-2.49%,1.31%,1.27%,-4.20%,-0.81%,-1.47%,1.43%,1.91%,-1.69%,0.72%,-0.58%,-1.55%,-4.35%,-0.69%,0.05%,-0.21%,-2.40%,-6.89%,-7.26%,-4.77%,1.00%,-0.47%,-0.84%,-7.21%,,-1.77%,-2.31%,0.40%,-2.77%
4/30/18,0.13%,-0.74%,,0.10%,-0.88%,3.13%,0.54%,-0.49%,,0.81%,1.41%,5.80%,0.89%,-0.05%,1.72%,1.59%,3.12%,0.32%,-0.06%,-0.51%,-1.17%,-0.10%,0.69%,-0.66%,-0.16%,-1.43%,-0.69%,0.94%,2.78%,-3.26%,1.32%,-1.93%,-1.61%,-1.05%,0.80%,1.60%,3.43%,-2.20%,-0.60%,0.55%,1.82%,1.34%,,1.43%,-0.84%,-0.23%,0.41%
3/31/18,0.09%,-0.26%,,-1.40%,-1.14%,2.19%,-0.30%,-0.81%,,-0.77%,-0.45%,-0.38%,-1.51%,-1.11%,-0.28%,-0.31%,-0.17%,2.68%,-1.88%,-3.00%,0.22%,1.60%,-0.14%,-0.85%,-2.23%,-2.48%,0.58%,-0.35%,0.39%,-1.46%,-2.79%,0.88%,-0.41%,1.28%,0.10%,0.23%,-6.72%,-1.09%,-0.50%,-6.63%,0.72%,-0.85%,,-0.03%,-1.12%,-7.36%,-0.26%
2/28/18,0.11%,-3.26%,,-4.00%,-9.98%,-9.86%,-10.68%,-5.00%,,-14.14%,-8.51%,-19.66%,-12.63%,-9.07%,-5.60%,-5.03%,-0.01%,-8.97%,-9.12%,-7.39%,-1.74%,-10.20%,-7.13%,-2.96%,-5.70%,-8.05%,-3.66%,-8.99%,-11.45%,-4.82%,-6.66%,-5.53%,-8.34%,-5.99%,-7.90%,-13.11%,-15.36%,-12.25%,-2.60%,-7.48%,-6.58%,-11.59%,,-9.00%,-8.14%,4.73%,-8.96%
1/31/18,0.09%,5.28%,,4.80%,7.09%,8.72%,8.86%,2.53%,,8.61%,4.39%,10.72%,6.50%,6.92%,3.85%,4.45%,16.28%,2.01%,5.90%,10.63%,-0.17%,6.00%,3.45%,8.58%,3.15%,9.37%,8.92%,8.75%,10.03%,3.88%,4.11%,3.53%,6.54%,3.30%,6.70%,5.80%,13.19%,6.52%,3.20%,-3.61%,-0.32%,9.78%,,6.39%,7.70%,1.99%,5.85%
12/31/17,0.08%,2.26%,,0.90%,0.15%,0.32%,2.86%,1.07%,,-0.02%,2.05%,6.14%,1.22%,4.84%,3.22%,3.09%,-1.44%,3.06%,0.87%,-0.85%,-0.11%,0.80%,2.80%,3.40%,0.68%,-1.29%,-1.37%,-0.47%,-0.15%,-0.67%,1.99%,0.00%,-1.74%,0.10%,2.00%,2.28%,7.92%,3.50%,0.10%,1.85%,1.70%,-0.07%,,2.97%,1.93%,1.31%,1.44%
11/31/2017,0.08%,3.42%,,2.10%,0.71%,1.40%,2.30%,-0.09%,,0.36%,0.05%,3.38%,0.23%,-1.79%,0.33%,-0.02%,-0.04%,-1.60%,0.68%,0.61%,-0.14%,0.60%,2.85%,-2.04%,-0.27%,-1.82%,0.98%,-4.64%,-1.16%,,1.47%,0.58%,0.66%,0.52%,0.80%,-1.64%,-2.31%,-1.21%,0.10%,-1.06%,0.07%,2.84%,,0.49%,2.87%,3.67%,0.59%
10/31/17,0.09%,2.31%,,4.90%,4.40%,8.24%,5.83%,3.06%,,5.90%,8.79%,14.11%,9.56%,6.16%,3.89%,4.47%,6.99%,10.24%,5.37%,9.40%,1.56%,6.10%,4.23%,3.48%,5.29%,3.69%,4.30%,7.63%,9.22%,,3.65%,2.26%,5.87%,2.88%,4.10%,9.53%,10.68%,5.08%,0.50%,6.93%,3.23%,6.98%,,7.90%,6.01%,-1.80%,5.55%
9/31/2017,0.09%,-2.80%,,-3.70%,-0.47%,-4.44%,-1.62%,-3.80%,,-4.45%,-6.41%,0.23%,-4.24%,-4.67%,-1.70%,-2.06%,0.44%,-4.93%,-2.82%,-6.79%,-2.62%,-1.20%,-2.43%,-0.18%,-2.48%,-3.14%,-0.30%,5.05%,-8.59%,,-2.59%,-1.92%,-3.72%,-2.04%,-1.10%,-5.16%,-8.11%,-2.94%,-0.20%,-9.13%,1.61%,-3.53%,,-5.80%,-4.71%,1.08%,-3.05%
8/31/17,0.08%,0.33%,,2.70%,1.51%,3.29%,1.91%,1.69%,,5.07%,5.07%,-0.48%,1.98%,4.37%,2.56%,3.12%,-1.99%,7.24%,0.53%,-4.14%,2.81%,0.80%,2.12%,0.97%,2.80%,-0.05%,1.98%,-2.21%,4.83%,,2.35%,0.97%,1.79%,1.70%,2.00%,5.30%,2.37%,,0.00%,-3.74%,3.63%,3.34%,,5.69%,2.75%,1.63%,2.60%
7/31/17,0.08%,4.72%,,0.60%,3.04%,0.59%,3.11%,0.45%,,2.37%,0.94%,-2.54%,1.64%,0.17%,-0.10%,-0.12%,-2.30%,1.35%,0.58%,2.18%,0.88%,2.40%,0.78%,-0.54%,-1.53%,1.26%,1.56%,1.71%,1.79%,,-0.46%,3.31%,5.40%,2.50%,2.10%,0.01%,-5.43%,,0.30%,1.05%,3.43%,1.98%,,2.10%,3.30%,-1.48%,1.28%
6/30/17,0.06%,-4.10%,,-4.10%,-2.48%,-2.67%,-2.99%,-2.57%,,-6.94%,-3.89%,-3.14%,-3.05%,-5.57%,-1.86%,-1.97%,-0.82%,-7.05%,-2.67%,-2.14%,-4.36%,-5.00%,-4.33%,2.34%,-0.46%,-1.35%,-4.04%,-0.84%,-13.17%,,-1.77%,-1.97%,-3.15%,-2.44%,-5.00%,-4.09%,-4.54%,,-1.00%,-3.17%,-0.64%,,,-6.79%,-5.63%,0.36%,-3.70%
5/31/17,0.06%,1.75%,,2.30%,0.06%,0.13%,-0.82%,-0.03%,,-2.37%,-1.10%,-0.74%,0.71%,-0.35%,0.19%,0.49%,-2.75%,-0.72%,-0.13%,4.51%,-0.17%,-0.40%,1.20%,0.21%,-0.48%,0.37%,2.54%,2.18%,2.63%,,0.95%,1.09%,3.90%,0.43%,2.20%,-0.19%,-0.43%,,0.00%,5.15%,0.15%,,,0.16%,2.44%,-0.35%,-0.32%
4/30/17,0.02%,0.04%,,1.70%,-0.77%,-0.47%,-3.06%,-0.40%,,-3.32%,-2.12%,-0.29%,1.49%,1.08%,-0.71%,-0.65%,-0.02%,0.35%,-2.02%,0.01%,1.90%,1.70%,-0.67%,1.87%,-1.30%,0.13%,-0.16%,-4.79%,2.44%,,-2.09%,0.80%,0.08%,0.21%,0.80%,-0.10%,8.97%,,-0.80%,1.39%,0.23%,,,-0.72%,0.18%,-2.10%,-1.03%
3/31/17,0.04%,-1.54%,,0.10%,-1.72%,-2.61%,-1.53%,-0.94%,,-3.71%,-3.02%,-0.94%,-3.00%,-1.67%,0.01%,0.01%,-0.86%,-4.34%,-3.75%,0.87%,-2.57%,-1.40%,-3.12%,-1.93%,-1.28%,-2.33%,-1.80%,-1.89%,-5.53%,,0.28%,-0.10%,-0.96%,-0.85%,-3.30%,-3.23%,-7.77%,,-1.90%,-0.17%,-5.10%,,,-2.07%,-2.15%,2.63%,-2.47%
2/28/17,0.04%,5.09%,,4.30%,2.32%,1.53%,4.86%,1.33%,,4.61%,4.38%,5.87%,3.68%,2.21%,2.27%,2.58%,-4.14%,6.96%,1.38%,3.05%,4.55%,4.20%,4.68%,-1.17%,-1.82%,-0.25%,1.81%,1.19%,11.75%,,1.75%,1.42%,2.43%,0.96%,2.50%,1.21%,9.23%,,-0.30%,0.83%,0.56%,,,5.83%,5.29%,-1.79%,2.85%
1/31/17,0.03%,0.43%,,-1.00%,-0.03%,0.14%,-3.01%,-1.64%,,-1.96%,-2.20%,-0.51%,-1.42%,-2.23%,-1.12%,-1.08%,-6.31%,-1.58%,-3.84%,-4.66%,-2.70%,-2.60%,-1.77%,-3.45%,-3.57%,-4.70%,-2.16%,-1.20%,-7.03%,,1.80%,-0.71%,1.12%,-1.48%,0.80%,-1.38%,-6.40%,,-1.20%,-0.69%,-4.56%,,,-1.72%,-0.10%,0.62%,-1.17%
12/31/16,0.02%,1.10%,,2.50%,0.89%,-0.15%,1.21%,1.64%,,0.05%,2.61%,2.17%,-1.01%,1.24%,1.50%,1.38%,4.51%,0.85%,6.39%,6.17%,2.75%,0.60%,-1.39%,3.68%,-0.09%,1.40%,2.33%,3.65%,5.19%,,-0.83%,1.43%,3.44%,1.06%,-0.50%,-1.54%,-5.06%,,-1.60%,6.01%,-5.14%,,,1.42%,,-0.34%,0.65%
11/30/16,0.02%,-2.83%,,-0.80%,-0.70%,-1.42%,-6.40%,0.31%,,-2.97%,0.99%,-3.72%,-0.74%,-0.88%,-1.23%,-0.81%,0.20%,3.44%,4.91%,1.10%,-1.81%,-1.80%,-1.75%,1.27%,2.73%,2.68%,-3.23%,3.43%,0.53%,,-3.64%,-0.20%,0.68%,0.00%,-3.10%,-0.61%,-0.73%,,-2.80%,1.23%,-4.27%,,,-2.53%,,-3.74%,-1.25%
10/31/16,0.03%,-2.93%,,-3.60%,-4.35%,-4.00%,-5.44%,-3.65%,,-6.29%,-3.86%,-12.18%,-6.24%,-4.50%,-2.64%,-2.54%,-2.65%,1.59%,-5.19%,-3.80%,-4.56%,-2.50%,-2.68%,-2.71%,-1.27%,0.90%,-1.10%,2.05%,-8.40%,,-3.11%,-0.31%,-2.30%,-1.68%,-6.40%,-4.50%,-10.80%,,-1.00%,-7.06%,3.51%,,,-5.69%,,0.07%,-3.87%
9/30/16,0.03%,-0.24%,,0.50%,-3.95%,0.51%,-0.08%,0.49%,,-1.64%,-1.30%,1.46%,1.24%,-5.99%,-0.30%,-0.51%,-7.64%,-2.21%,-2.66%,-2.62%,-0.24%,-3.00%,-0.57%,-2.04%,-1.00%,-5.71%,-0.24%,-8.84%,-0.93%,,2.95%,-1.21%,-3.05%,-1.85%,2.40%,-0.75%,18.21%,,-0.50%,-5.58%,-1.04%,,,-0.88%,,-2.15%,-1.88%
8/31/16,0.02%,-1.01%,,-2.70%,-3.87%,-2.85%,-4.26%,-1.96%,,-5.21%,-1.85%,-3.54%,-0.53%,-4.13%,-1.72%,-1.57%,-6.30%,-1.23%,-5.24%,-1.65%,-3.37%,-4.50%,-2.20%,-8.80%,-1.50%,-4.27%,-1.53%,-0.43%,-5.57%,,-1.09%,0.00%,-1.27%,-0.31%,-1.40%,-3.81%,-13.34%,,-1.20%,-8.22%,-1.30%,,,-2.36%,,1.30%,-3.39%
7/31/16,0.03%,1.10%,,0.10%,1.60%,0.92%,1.67%,0.71%,,2.73%,2.91%,0.38%,0.93%,2.97%,0.73%,1.15%,2.16%,0.97%,2.62%,1.24%,-0.02%,4.00%,-0.13%,-0.03%,2.50%,0.96%,2.16%,3.30%,1.84%,,1.20%,0.81%,1.90%,1.24%,2.10%,1.71%,-1.03%,,1.50%,0.58%,2.55%,,,1.96%,,4.06%,1.72%
6/30/16,0.01%,3.77%,,6.00%,4.14%,4.30%,6.22%,5.20%,,10.23%,7.54%,12.42%,3.86%,2.72%,5.21%,3.95%,6.60%,1.57%,5.54%,2.17%,6.25%,4.10%,5.19%,8.53%,0.51%,1.33%,0.55%,1.93%,7.11%,,7.21%,1.34%,2.63%,1.47%,3.60%,3.98%,27.38%,,0.40%,11.74%,1.54%,,,7.99%,,-3.19%,5.36%
5/31/16,0.02%,-0.56%,,-0.70%,-2.15%,-1.77%,0.32%,-0.94%,,-4.59%,-3.23%,0.16%,-1.06%,-2.67%,-1.64%,-1.73%,-3.62%,-1.46%,-5.03%,0.04%,0.04%,-1.30%,-1.99%,-2.06%,-1.65%,-5.75%,-3.73%,2.13%,-0.38%,,-1.64%,-1.82%,-3.21%,-2.06%,1.50%,-3.38%,-8.36%,,-0.50%,-4.80%,-2.55%,,,-2.99%,,-1.15%,-2.69%
4/30/16,0.04%,-1.85%,,0.70%,-2.73%,-5.02%,-5.16%,-1.37%,,-0.08%,-4.04%,-3.38%,-3.28%,-7.00%,-1.53%,-2.01%,-0.58%,-7.95%,-2.76%,-2.12%,-0.70%,-5.40%,-1.39%,0.31%,3.68%,0.64%,-1.21%,0.08%,-2.69%,,-3.85%,-1.39%,-4.02%,-1.32%,-2.40%,-5.91%,-2.86%,,-1.40%,3.78%,-1.49%,,,-2.35%,,-1.78%,-3.67%
3/31/16,0.03%,-2.14%,,-2.80%,-1.36%,-4.69%,-5.85%,-3.76%,,-0.99%,-1.89%,-4.04%,-6.01%,-1.96%,-2.82%,-4.03%,-6.72%,-3.00%,-5.91%,-3.82%,-1.24%,-3.00%,-4.31%,-2.13%,-4.76%,-6.19%,-3.79%,2.30%,-6.06%,,-5.42%,-1.86%,0.63%,-2.67%,-6.10%,-7.23%,-13.53%,,-1.10%,-10.96%,-2.31%,,,-3.38%,,2.75%,-2.92%
2/29/16,0.00%,0.74%,,2.90%,1.83%,2.26%,2.66%,3.06%,,3.49%,5.65%,2.52%,4.43%,2.18%,1.72%,2.08%,9.19%,2.82%,3.37%,6.21%,4.17%,1.00%,0.28%,3.30%,3.15%,5.04%,2.31%,5.08%,2.18%,,0.66%,4.92%,3.10%,6.43%,-0.60%,4.46%,10.72%,,,8.67%,1.59%,,,4.42%,,2.43%,2.41%
1/31/16,0.02%,5.02%,,5.90%,5.93%,2.85%,8.33%,3.27%,,2.16%,4.71%,4.16%,0.15%,7.47%,3.76%,1.88%,14.16%,2.90%,7.51%,8.20%,6.95%,2.60%,1.38%,7.76%,-0.19%,10.01%,3.69%,1.45%,7.47%,,4.74%,3.72%,4.01%,3.26%,4.00%,5.66%,5.92%,,,5.29%,4.00%,,,4.64%,,-1.11%,3.76%
12/31/15,0.00%,-2.70%,,-3.30%,-4.14%,-1.54%,-1.01%,-1.46%,,-3.85%,-5.24%,-4.24%,-2.22%,-3.61%,-1.58%,-1.94%,-5.47%,-3.13%,-3.80%,0.80%,-2.73%,-3.30%,-0.62%,-7.41%,0.67%,-1.05%,-3.29%,-2.42%,-4.39%,,1.01%,-2.69%,-4.96%,-2.51%,-1.40%,1.46%,-2.10%,,,-3.11%,-1.06%,,,-4.13%,,2.54%,-2.17%
11/31/2015,0.00%,0.89%,,-0.70%,2.38%,6.25%,1.87%,2.27%,,2.98%,7.08%,6.10%,6.31%,3.23%,3.44%,3.33%,8.72%,10.49%,6.05%,-0.50%,0.39%,4.80%,2.32%,1.62%,2.65%,3.36%,4.04%,4.09%,4.88%,,2.54%,-0.21%,1.79%,0.10%,3.70%,6.38%,13.52%,,,4.61%,2.88%,,,3.68%,,-2.16%,3.41%
10/30/15,0.00%,0.13%,,-1.80%,-1.25%,-2.42%,-4.24%,-2.46%,,-1.68%,-2.48%,-3.85%,-2.01%,-1.88%,-1.53%,-2.13%,2.17%,-0.77%,-4.04%,-1.67%,-1.18%,-1.30%,-2.21%,-0.68%,-2.68%,-7.33%,-0.17%,3.14%,-1.56%,,-5.32%,-3.87%,-4.66%,-3.85%,-2.20%,-4.56%,-11.06%,,,-10.75%,-3.27%,,,-1.97%,,0.76%,-2.60%
9/30/15,0.01%,2.44%,,3.00%,1.44%,3.27%,3.85%,2.94%,,2.20%,5.02%,4.97%,2.78%,2.42%,3.54%,3.90%,-1.64%,4.15%,3.56%,3.78%,4.30%,1.00%,2.30%,3.06%,0.27%,4.03%,-2.35%,-0.31%,6.91%,,1.54%,2.96%,3.47%,3.26%,0.30%,6.29%,6.13%,,,2.83%,1.38%,,,3.19%,,-1.96%,2.29%
8/31/15,0.00%,-2.78%,,-8.90%,-1.89%,1.03%,-0.93%,-4.87%,,-7.00%,-6.25%,-2.41%,-4.61%,0.37%,-4.68%,-4.31%,-2.01%,-4.63%,-4.40%,-6.57%,-0.67%,-0.20%,-4.20%,-4.69%,-2.14%,0.97%,-3.19%,-3.42%,-5.28%,,1.56%,-0.71%,0.67%,-1.38%,-1.80%,-1.39%,-9.25%,,,4.68%,-0.98%,,,-7.27%,,4.21%,-2.13%
7/31/15,0.00%,2.30%,,-0.80%,2.68%,9.25%,5.80%,4.08%,,4.11%,7.84%,16.60%,5.57%,6.19%,3.87%,4.38%,7.39%,6.38%,2.85%,-0.32%,2.31%,3.20%,1.60%,0.22%,-4.26%,0.64%,5.12%,-3.02%,5.68%,,2.14%,-1.40%,2.29%,-0.39%,6.90%,8.80%,4.76%,,,-3.46%,,,,3.10%,,-3.82%,4.01%
6/30/15,0.00%,-3.31%,,-4.00%,-5.49%,-4.59%,-5.79%,-2.79%,,-6.06%,-5.63%,-10.72%,-6.84%,-8.33%,-3.22%,-3.12%,-10.70%,-9.26%,-5.41%,-3.40%,-2.63%,-8.70%,-3.29%,-4.82%,-1.76%,-5.39%,-4.85%,0.68%,-4.30%,,-6.28%,,-4.74%,0.25%,-3.80%,-6.51%,-6.07%,,,-6.30%,,,,-5.75%,,-0.10%,-4.86%
5/31/15,0.01%,1.25%,,-0.10%,-1.97%,-0.34%,1.21%,-0.64%,,-1.64%,-3.01%,4.65%,-0.02%,-2.13%,-0.02%,0.74%,-1.65%,0.10%,1.63%,-0.86%,-1.89%,-0.70%,0.61%,2.13%,-1.69%,-1.15%,-0.12%,-0.92%,-1.70%,,-1.30%,,-2.00%,-4.06%,3.50%,-1.90%,4.12%,,,-2.03%,,,,-1.08%,,-3.51%,-0.89%
4/30/15,0.00%,-3.09%,,-2.90%,-3.50%,-9.69%,-4.91%,-4.47%,,-6.18%,-3.53%,-10.78%,-5.09%,-3.16%,-3.29%,-4.06%,0.33%,-4.51%,-2.45%,-3.31%,-1.28%,-3.20%,-1.12%,-1.66%,-0.88%,-4.86%,-4.67%,-3.28%,-10.16%,,2.26%,,-4.06%,-3.13%,-5.30%,-7.19%,-7.99%,,,-7.78%,,,,-6.01%,,1.30%,-3.91%
3/31/15,0.00%,1.75%,,1.20%,2.46%,3.70%,4.02%,4.80%,,3.53%,2.03%,9.30%,2.38%,1.88%,1.91%,2.03%,2.90%,1.20%,1.79%,-0.42%,-0.11%,2.80%,0.10%,-0.66%,0.51%,4.35%,2.16%,-5.88%,4.44%,,-2.72%,,1.57%,0.00%,5.10%,3.80%,3.83%,,,1.85%,,,,2.90%,,-0.06%,2.60%
2/28/15,0.00%,0.82%,,-1.10%,1.47%,-0.44%,-1.24%,-0.51%,,0.32%,-1.01%,-3.87%,-1.51%,0.10%,0.02%,0.21%,-0.68%,-3.12%,1.51%,1.24%,-2.74%,-0.30%,0.02%,-0.46%,-1.97%,-1.78%,1.70%,-0.25%,-2.56%,,-1.79%,,1.24%,-0.97%,0.50%,-3.13%,-0.50%,,,-0.55%,,,,-0.99%,,3.36%,-0.20%
1/31/15,0.00%,7.41%,,3.40%,7.61%,4.60%,15.17%,6.60%,,6.11%,4.10%,8.52%,8.94%,9.53%,2.79%,2.45%,7.97%,2.31%,6.98%,4.93%,4.30%,5.20%,5.21%,4.72%,4.51%,6.97%,8.73%,4.35%,15.74%,,-2.69%,,7.45%,3.39%,7.20%,14.50%,6.92%,,,17.24%,,,,7.42%,,1.04%,5.12%
12/31/14,0.00%,2.93%,,1.80%,2.55%,6.48%,8.69%,2.87%,,1.29%,1.44%,7.22%,7.38%,-0.90%,0.53%,1.09%,3.23%,-1.87%,1.35%,-0.45%,1.96%,3.80%,2.11%,1.50%,3.66%,6.30%,1.92%,-4.17%,5.61%,,3.63%,,1.86%,1.01%,5.10%,11.55%,9.03%,,,19.15%,,,,3.71%,,2.81%,2.35%
11/30/14,0.01%,4.98%,,4.90%,7.05%,12.02%,13.59%,6.90%,,9.89%,6.91%,13.43%,12.44%,4.95%,4.99%,5.86%,5.24%,9.68%,4.87%,4.78%,3.46%,6.50%,7.63%,3.63%,7.04%,7.50%,6.62%,1.13%,12.38%,,8.22%,,7.30%,4.75%,8.80%,14.48%,13.04%,,,15.54%,,,,12.06%,,0.64%,7.29%
10/31/14,0.00%,1.51%,,0.90%,-0.58%,3.74%,8.99%,0.91%,,1.55%,-2.06%,0.22%,2.57%,2.19%,3.38%,4.38%,3.75%,4.71%,-2.09%,-2.76%,1.37%,1.60%,3.97%,5.44%,-0.81%,0.25%,2.71%,-7.58%,5.72%,,1.45%,,1.77%,-1.04%,5.30%,-0.89%,-1.66%,,,-6.66%,,,,2.90%,,0.24%,1.77%
9/30/14,0.00%,-0.98%,,0.30%,0.84%,1.61%,8.27%,-0.01%,,2.93%,3.48%,7.04%,12.82%,-2.73%,-0.72%,-0.60%,3.20%,7.37%,1.73%,6.26%,1.68%,6.00%,4.78%,1.16%,8.94%,7.69%,1.31%,6.08%,6.35%,,-1.85%,,-0.49%,1.89%,5.50%,5.47%,17.82%,,,28.96%,,,,6.24%,,1.55%,3.33%
8/31/14,0.01%,4.82%,,1.90%,5.19%,5.20%,4.90%,4.48%,,9.17%,4.08%,9.83%,5.21%,4.89%,3.96%,4.00%,5.83%,7.37%,4.73%,7.52%,2.93%,6.70%,3.04%,5.40%,4.07%,2.31%,3.71%,-1.87%,13.24%,,-0.52%,,5.93%,4.15%,3.00%,9.06%,7.40%,,,9.02%,,,,9.54%,,-0.35%,5.51%
7/31/14,0.01%,1.66%,,-0.50%,0.70%,-0.07%,-3.79%,-2.21%,,0.15%,-1.41%,-1.12%,1.20%,-2.11%,-2.34%,-2.61%,-2.29%,-1.74%,-3.86%,-0.97%,-0.76%,0.10%,-2.74%,-4.36%,-0.37%,0.82%,0.08%,-3.09%,-6.15%,,3.93%,,-0.99%,0.65%,-1.10%,3.64%,1.78%,,,9.03%,,,,-3.00%,,0.06%,-1.07%
6/30/14,0.00%,2.59%,,2.10%,1.37%,1.73%,1.26%,1.84%,,0.88%,0.96%,4.04%,4.03%,2.73%,0.24%,-0.57%,1.89%,0.55%,3.73%,0.68%,0.42%,2.60%,1.60%,0.70%,2.75%,2.86%,2.33%,-0.78%,-0.59%,,-3.73%,,2.79%,1.26%,3.20%,3.97%,2.28%,,,2.77%,,,,1.42%,,0.85%,1.39%
5/31/14,0.00%,0.16%,,1.30%,3.80%,2.39%,1.63%,0.85%,,3.09%,3.33%,-2.33%,-0.77%,6.32%,1.90%,1.68%,3.20%,5.72%,2.92%,2.97%,2.26%,2.50%,2.49%,1.72%,-3.06%,0.82%,2.10%,-0.10%,6.09%,,-10.22%,,8.53%,2.80%,0.70%,3.89%,-3.98%,,,-1.52%,,,,2.66%,,-0.66%,2.96%
4/30/14,0.01%,1.99%,,0.50%,2.01%,1.67%,-0.23%,3.92%,,0.80%,1.50%,2.23%,5.40%,0.96%,1.70%,0.28%,-5.36%,0.65%,1.82%,-1.19%,0.17%,0.20%,1.42%,0.72%,3.32%,-2.40%,-0.64%,-1.77%,4.98%,,7.49%,,2.39%,1.97%,1.70%,2.96%,2.13%,,,-3.02%,,,,0.49%,,-1.75%,1.08%
3/31/14,0.01%,-2.95%,,0.20%,-0.36%,-1.68%,,0.49%,,-3.00%,0.63%,-1.91%,-2.02%,-2.40%,-0.36%,-0.19%,-4.51%,-4.81%,-4.55%,-10.33%,-1.57%,-3.60%,-2.20%,-5.02%,-1.79%,-5.41%,-3.56%,-2.01%,-4.85%,,1.52%,,-0.88%,-0.10%,-2.70%,-1.54%,3.77%,,,9.48%,,,,-2.39%,,-1.42%,-2.08%
2/28/14,0.00%,-2.13%,,3.70%,1.13%,1.65%,,4.26%,,4.14%,1.04%,-1.76%,2.14%,2.70%,2.41%,2.50%,0.10%,-1.95%,2.75%,-3.56%,1.32%,-4.20%,-0.09%,7.11%,1.69%,-0.55%,1.04%,-1.84%,3.42%,,-2.49%,,1.40%,1.29%,4.30%,0.54%,1.27%,,,-6.59%,,,,2.28%,,0.20%,0.64%
1/31/14,0.01%,2.01%,,-3.30%,-2.99%,-5.64%,,-4.24%,,-5.29%,-3.25%,-4.35%,-2.72%,-3.95%,-2.17%,-2.37%,1.62%,-5.28%,-2.34%,-0.28%,1.18%,-2.40%,-4.93%,-2.38%,-2.00%,-4.56%,-2.95%,0.69%,-5.47%,,3.74%,,-1.40%,0.40%,-1.80%,-2.50%,-1.67%,,,13.54%,,,,-7.73%,,0.55%,-4.51%
12/31/13,0.01%,2.66%,,-0.10%,2.03%,-0.01%,,-1.13%,,3.30%,1.92%,4.40%,-0.17%,-3.12%,0.52%,0.37%,4.39%,-2.42%,2.06%,0.75%,-2.72%,-0.40%,-0.14%,2.34%,-0.33%,1.99%,1.06%,2.73%,-5.13%,,2.55%,,-1.41%,,0.10%,0.05%,-0.98%,,,-5.28%,,,,1.63%,,1.60%,0.65%
11/31/2013,0.00%,8.46%,,1.00%,1.14%,2.00%,,3.22%,,5.32%,0.87%,10.00%,5.57%,0.29%,2.52%,2.20%,2.11%,2.85%,1.43%,2.31%,0.32%,1.50%,4.46%,3.89%,0.09%,2.81%,1.67%,2.77%,5.37%,,5.10%,,1.78%,,,0.81%,10.51%,,,,,,,4.96%,,0.66%,2.70%
10/31/13,0.00%,1.78%,,2.50%,4.35%,1.93%,,3.31%,,4.71%,1.31%,5.81%,3.57%,3.82%,2.66%,3.20%,-0.25%,4.97%,3.87%,1.61%,2.22%,2.20%,2.18%,-0.10%,2.05%,0.17%,2.87%,-0.26%,6.25%,,-2.50%,,6.23%,,,3.33%,7.29%,,,,,,,2.82%,,-0.59%,2.55%
9/30/13,0.01%,-0.59%,,3.00%,1.96%,-2.73%,,-0.61%,,0.60%,-1.18%,-4.56%,-3.85%,-0.78%,3.26%,3.47%,-1.68%,2.53%,2.51%,-0.22%,1.10%,-1.00%,2.65%,1.47%,-3.96%,-2.06%,0.71%,-3.97%,-1.60%,,-4.03%,,-1.85%,,,-1.55%,2.61%,,,,,,,-0.03%,,-0.08%,-0.59%
8/31/13,0.01%,-3.61%,,-2.20%,-2.36%,-2.88%,,-1.50%,,-2.78%,-2.53%,-4.81%,-2.18%,-0.51%,-2.92%,-3.80%,-1.42%,-6.48%,-0.24%,-1.84%,-1.48%,-0.50%,-1.46%,0.57%,-1.29%,-1.75%,-4.37%,5.86%,-7.35%,,-5.54%,,-2.89%,,,-3.28%,-10.90%,,,,,,,-4.99%,,-0.83%,-2.53%
7/31/13,0.00%,1.58%,,2.00%,1.31%,-1.84%,,-0.65%,,0.56%,0.44%,-0.45%,-4.16%,-0.79%,-1.30%,-0.63%,1.86%,1.04%,-1.00%,0.65%,0.47%,-0.40%,1.11%,-0.73%,-1.48%,-3.57%,-3.32%,-2.05%,-0.91%,,4.28%,,-1.12%,,,-2.65%,-4.03%,,,,,,,-1.92%,,-0.90%,-0.79%
6/30/13,0.01%,-5.04%,,-4.40%,-1.94%,0.34%,,-1.56%,,-5.39%,-0.54%,-1.66%,-5.38%,-9.46%,-2.18%,-1.77%,0.86%,-3.79%,-4.60%,-2.50%,-3.13%,-1.60%,-5.92%,-4.53%,0.72%,-1.22%,-1.51%,2.61%,-6.32%,,-3.63%,,-3.98%,,,-5.94%,-2.56%,,,,,,,-3.65%,,-0.80%,-2.87%
5/31/13,0.01%,-2.00%,,-0.80%,-3.66%,-6.44%,,-1.73%,,-1.69%,-4.58%,-6.67%,-3.57%,-8.15%,-1.96%,-2.40%,-3.46%,-2.49%,-3.52%,7.81%,-4.74%,0.00%,-2.60%,-5.03%,-0.86%,2.56%,-2.91%,3.54%,-2.56%,,6.38%,,-8.67%,,,-3.98%,0.11%,,,,,,,-5.50%,,-0.05%,-3.66%
4/30/13,0.02%,4.39%,,1.50%,6.75%,3.58%,,2.09%,,3.30%,2.90%,10.59%,1.41%,2.52%,2.98%,3.41%,9.07%,8.18%,3.92%,3.00%,1.11%,6.40%,3.29%,0.45%,1.02%,0.95%,2.99%,2.95%,7.04%,,1.08%,,5.48%,,,1.92%,7.79%,,,,,,,4.89%,,-0.25%,3.86%
3/31/13,0.00%,4.00%,,2.40%,2.67%,1.67%,,1.20%,,0.73%,2.18%,3.22%,-1.04%,2.48%,1.68%,2.66%,-0.53%,2.48%,1.54%,0.77%,1.94%,1.10%,2.92%,0.85%,0.35%,0.61%,1.23%,0.24%,4.77%,,-2.12%,,2.59%,,,1.11%,8.26%,,,,,,,2.23%,,-0.51%,1.89%
2/28/13,0.00%,-0.10%,,-1.20%,-0.08%,-3.25%,,-0.97%,,-0.19%,-1.32%,16.79%,-5.35%,-1.23%,-0.35%,0.17%,4.45%,3.01%,-1.39%,-1.85%,-0.46%,0.60%,2.66%,-1.27%,-2.15%,-2.94%,-4.77%,-2.13%,5.16%,,-7.09%,,-0.86%,,,-0.44%,7.39%,,,,,,,-2.62%,,-0.08%,-0.90%
1/31/13,0.01%,3.99%,,6.70%,0.59%,3.64%,,0.41%,,3.60%,0.17%,-0.23%,12.75%,3.81%,1.80%,2.51%,0.07%,0.21%,4.53%,5.01%,-0.44%,3.40%,0.94%,3.26%,0.44%,4.97%,2.76%,3.28%,-2.21%,,-2.45%,,1.83%,,,-0.20%,10.46%,,,,,,,5.81%,,0.85%,2.68%
12/31/12,0.01%,2.31%,,-0.40%,0.44%,0.67%,,-0.59%,,-0.97%,0.50%,2.64%,-2.18%,1.50%,1.52%,1.36%,3.56%,1.93%,1.89%,-0.86%,0.51%,3.70%,2.06%,-0.07%,0.87%,3.34%,2.52%,-1.59%,-1.69%,,0.58%,,0.60%,,,-0.14%,0.76%,,,,,,,1.78%,,-0.61%,1.27%
11/30/12,0.01%,0.94%,,0.50%,-0.18%,-1.25%,,-0.21%,,0.79%,-0.34%,3.23%,2.05%,1.73%,1.18%,1.00%,-0.70%,-0.43%,2.52%,-2.63%,0.36%,0.20%,-1.43%,0.28%,-2.32%,-1.80%,1.48%,-2.83%,2.78%,,3.57%,,1.77%,,,-1.11%,-0.97%,,,,,,,0.55%,,-3.01%,0.11%
10/31/12,0.01%,-3.55%,,-2.90%,-3.66%,-4.36%,,-3.39%,,-6.19%,-3.65%,-6.59%,-7.70%,-5.34%,-2.53%,-2.55%,-2.62%,-4.22%,-4.24%,-1.50%,-2.58%,-6.90%,-4.05%,-7.91%,-1.73%,-5.39%,-2.84%,-0.72%,-7.70%,,-4.91%,,-2.59%,,,-4.80%,-15.07%,,,,,,,-6.88%,,-1.75%,-4.86%
9/30/12,0.01%,-6.05%,,-0.50%,-0.59%,-3.33%,,,,-3.36%,-3.07%,-4.37%,-5.12%,-0.19%,-1.83%,-2.18%,-3.91%,-3.41%,2.50%,-1.98%,-0.31%,0.30%,-3.18%,-0.95%,-3.53%,-0.91%,0.01%,0.85%,-3.29%,,-0.34%,,0.20%,,,-1.24%,-7.78%,,,,,,,-3.11%,,-1.54%,-2.07%
8/31/12,0.01%,-4.12%,,-2.50%,-1.71%,-3.24%,,,,-2.24%,-1.41%,-4.17%,-1.88%,-0.11%,-1.01%,-1.30%,-3.47%,-1.26%,-0.77%,-0.08%,-0.19%,-1.30%,-1.05%,1.72%,-0.67%,-1.03%,-0.51%,-1.61%,-2.99%,,0.82%,,-2.26%,,,-4.68%,-5.11%,,,,,,,-1.31%,,3.23%,-2.00%
7/31/12,0.01%,2.24%,,4.30%,4.57%,3.43%,,,,6.97%,4.04%,4.53%,5.97%,6.62%,3.17%,4.41%,5.75%,3.17%,2.70%,0.94%,5.14%,4.60%,4.71%,8.29%,1.21%,1.72%,5.37%,-6.51%,13.00%,,4.74%,,4.65%,,,4.12%,9.11%,,,,,,,8.36%,,-3.92%,5.18%
6/30/12,0.01%,-5.55%,,-2.10%,-3.20%,-5.31%,,,,-6.05%,-5.27%,-13.23%,-4.94%,-5.39%,-3.11%,-3.17%,-3.34%,-7.50%,-3.70%,-2.73%,-2.39%,-4.10%,-2.96%,-6.71%,-6.02%,-9.27%,-4.01%,1.54%,-7.73%,,-3.01%,,-3.52%,,,-7.30%,,,,,,,,-5.97%,,2.81%,-4.74%
5/31/12,0.01%,1.63%,,-1.20%,-3.39%,0.91%,,,,7.84%,7.53%,7.69%,-9.11%,1.06%,-0.23%,-0.22%,8.66%,-0.20%,1.50%,12.05%,2.87%,4.50%,-0.56%,8.23%,1.64%,12.56%,8.85%,-7.48%,-4.28%,,-3.76%,,0.92%,,,3.01%,,,,,,,,4.28%,,0.48%,2.95%
4/30/12,0.01%,0.10%,,-1.60%,0.56%,0.88%,,,,2.01%,0.55%,2.77%,-0.16%,3.71%,0.14%,0.12%,-2.25%,-0.25%,-1.41%,1.12%,0.41%,0.70%,0.59%,1.61%,0.66%,-2.70%,-2.24%,1.28%,1.78%,,3.47%,,-0.04%,,,-1.44%,,,,,,,,-1.22%,,-2.36%,0.72%
3/30/12,0.00%,0.54%,,-0.30%,-3.83%,-2.62%,,,,-4.16%,-0.89%,-2.96%,0.29%,-4.88%,-0.66%,-0.68%,-5.14%,2.87%,-3.78%,-2.95%,-1.46%,-1.90%,-1.12%,-2.47%,-1.14%,-2.60%,-4.24%,3.68%,-3.35%,,-1.40%,,-3.15%,,,-3.10%,,,,,,,,-2.00%,,-0.58%,-2.25%
2/29/12,0.00%,-2.35%,,2.10%,0.42%,2.19%,,,,-0.57%,2.31%,-4.96%,1.58%,1.23%,-0.87%,-0.83%,2.32%,4.23%,1.31%,1.34%,-0.74%,2.50%,2.09%,1.68%,-0.96%,1.55%,3.08%,-2.51%,1.32%,,2.61%,,1.62%,,,1.92%,,,,,,,,0.39%,,-1.00%,1.54%
1/31/12,0.00%,-0.62%,,0.50%,-0.35%,1.26%,,,,1.78%,1.09%,-3.10%,2.26%,0.81%,0.71%,0.63%,3.07%,0.98%,-2.01%,-0.89%,3.50%,3.30%,0.23%,1.36%,2.40%,-2.44%,-0.29%,0.53%,7.28%,,-0.50%,,-0.66%,,,-3.64%,,,,,,,,0.47%,,0.82%,1.06%
12/30/11,0.00%,3.20%,,0.90%,1.54%,2.28%,,,,3.06%,1.58%,1.25%,-1.37%,2.22%,1.66%,1.65%,2.10%,2.32%,1.88%,1.14%,2.78%,3.10%,0.65%,0.03%,-3.12%,-0.44%,-0.87%,-1.82%,5.43%,,5.08%,,0.62%,,,1.18%,,,,,,,,1.18%,,1.42%,1.66%
11/30/11,0.01%,1.57%,,0.00%,0.71%,1.51%,,,,0.91%,0.48%,5.26%,1.53%,1.74%,1.02%,0.97%,-2.92%,1.38%,0.49%,-2.57%,-0.18%,-0.90%,-2.18%,-2.53%,0.95%,-1.01%,-1.45%,-0.56%,-1.88%,,-4.97%,,-0.38%,,,4.11%,,,,,,,,0.41%,,-4.84%,-0.13%
10/31/11,0.00%,-5.82%,,-1.20%,-3.75%,-4.52%,,,,-9.12%,-2.11%,-9.00%,-8.74%,-7.25%,-2.55%,-2.59%,-3.85%,-8.98%,-4.55%,-5.94%,-2.14%,-4.20%,-4.22%,-3.92%,-3.20%,-11.53%,-1.96%,3.38%,-4.89%,,2.89%,,-5.77%,,,-8.79%,,,,,,,,-6.41%,,1.98%,-4.66%
9/30/11,0.01%,-2.31%,,-0.10%,-2.14%,0.27%,,,,5.41%,-2.00%,-2.64%,1.64%,0.16%,0.20%,0.16%,-4.11%,8.00%,0.53%,1.90%,0.89%,-4.50%,-2.46%,-8.07%,-2.40%,6.71%,0.15%,-1.09%,-4.16%,,2.68%,,-0.91%,,,2.70%,,,,,,,,-0.59%,,0.71%,-1.08%
8/31/11,-0.01%,,,5.30%,-0.32%,1.79%,,,,0.95%,-3.20%,10.40%,7.98%,-2.03%,1.59%,1.43%,0.96%,-8.34%,0.15%,0.88%,7.29%,0.60%,-3.55%,-0.32%,-1.15%,5.30%,-1.82%,-6.65%,3.29%,,15.30%,,1.13%,,,1.49%,,,,,,,,-1.27%,,4.99%,-1.18%
7/31/11,0.01%,,,5.50%,4.47%,8.10%,,,,6.83%,1.89%,19.93%,7.13%,4.03%,4.90%,4.59%,11.37%,0.52%,2.82%,-0.73%,9.44%,8.70%,2.06%,0.85%,2.39%,1.32%,3.66%,-0.73%,10.24%,,3.28%,,5.03%,,,2.54%,,,,,,,,5.44%,,-3.49%,4.76%
6/30/11,0.01%,,,-3.10%,-4.81%,-3.16%,,,,-4.10%,-2.59%,-12.59%,-6.63%,-3.84%,-2.55%,-2.51%,-9.40%,-7.00%,-3.20%,1.73%,-2.23%,-3.20%,-1.98%,-5.00%,-1.68%,-4.11%,-0.70%,4.54%,-4.52%,,2.43%,,-3.64%,,,-4.80%,,,,,,,,-6.39%,,-2.39%,-3.34%
5/31/11,0.01%,,,-3.00%,-3.25%,-5.24%,,,,-5.90%,-4.46%,-10.05%,-7.46%,-3.17%,-2.22%,-2.16%,-5.93%,-9.48%,-5.65%,-2.85%,0.43%,-2.70%,-4.10%,-4.26%,-1.38%,-5.87%,-3.16%,1.37%,-2.87%,,-7.43%,,-4.81%,,,-4.74%,,,,,,,,-6.03%,,2.97%,-5.01%
4/30/11,0.02%,,,4.50%,6.99%,4.33%,,,,6.56%,2.85%,11.78%,5.69%,5.97%,3.06%,3.00%,16.41%,3.78%,6.64%,2.27%,5.98%,7.00%,3.67%,9.04%,4.55%,4.15%,3.50%,-2.59%,8.57%,,5.06%,,6.51%,,,2.81%,,,,,,,,6.48%,,-1.59%,4.74%
3/31/11,0.02%,,,-2.80%,-2.31%,-1.33%,,,,-5.76%,-2.14%,-12.06%,-5.71%,-0.81%,0.20%,0.25%,-6.53%,-7.05%,-1.84%,-2.66%,-0.04%,-6.00%,-2.58%,-1.48%,-1.22%,-4.03%,-1.62%,-1.49%,-2.22%,,6.88%,,-3.38%,,,-3.73%,,,,,,,,-1.60%,,0.67%,-4.08%
2/28/11,0.01%,,,3.20%,2.63%,2.49%,,,,2.39%,1.77%,6.17%,3.30%,3.48%,1.62%,1.51%,5.83%,6.21%,1.66%,3.16%,1.62%,3.20%,1.51%,3.07%,3.27%,1.72%,1.32%,-2.80%,4.53%,,4.04%,,1.24%,,,2.67%,,,,,,,,1.29%,,-2.58%,1.86%
1/31/11,0.02%,,,0.00%,1.64%,-1.29%,,,,-0.60%,-0.77%,3.69%,-1.93%,0.60%,0.11%,0.08%,-4.91%,3.49%,-2.12%,-2.95%,-0.26%,-0.60%,-0.36%,-3.24%,1.51%,-0.93%,-2.82%,1.82%,-1.31%,,-5.84%,,-3.87%,,,2.78%,,,,,,,,2.18%,,2.65%,-1.15%
12/31/10,0.01%,,,4.30%,3.36%,6.17%,,,,5.45%,3.60%,10.95%,12.99%,6.71%,3.89%,3.75%,10.10%,9.06%,5.25%,0.99%,1.99%,5.10%,1.99%,8.45%,6.76%,4.98%,1.13%,1.29%,7.72%,,1.69%,,6.42%,,,6.82%,,,,,,,,5.20%,,-3.47%,5.67%
11/30/10,0.01%,,,-1.50%,-3.14%,-4.78%,,,,-4.39%,-0.82%,-8.73%,-7.45%,-2.97%,-2.23%,-2.01%,-6.82%,-4.19%,-2.96%,-1.25%,-3.01%,-0.90%,-1.83%,-2.35%,-2.23%,-4.61%,-0.79%,-3.29%,-3.73%,,2.90%,,-5.96%,,,-4.65%,,,,,,,,-1.02%,,1.89%,-3.88%
10/31/10,0.01%,,,1.80%,2.85%,4.52%,,,,3.78%,3.91%,8.22%,8.74%,3.40%,2.62%,2.51%,6.14%,4.12%,4.35%,2.60%,0.86%,4.50%,3.44%,3.62%,6.63%,3.29%,1.75%,5.45%,7.72%,,-0.70%,,3.61%,,,4.98%,,,,,,,,5.35%,,-0.28%,4.95%
9/30/10,0.01%,,,-0.80%,4.59%,1.05%,,,,-1.04%,3.59%,-1.44%,3.29%,4.98%,0.84%,0.94%,7.52%,4.19%,0.55%,-0.93%,-1.53%,5.20%,0.37%,5.09%,1.92%,-1.26%,1.25%,-1.04%,8.34%,,3.59%,,0.16%,,,0.42%,,,,,,,,4.87%,,5.00%,2.64%
8/31/10,0.02%,,,4.70%,5.54%,7.01%,,,,10.38%,2.75%,16.96%,5.32%,-0.01%,4.92%,4.78%,6.97%,2.66%,3.11%,3.66%,4.56%,5.70%,2.28%,3.63%,1.14%,5.96%,0.21%,2.47%,10.53%,,2.66%,,,,,6.80%,,,,,,,,4.64%,,-4.05%,5.45%
7/31/10,0.01%,,,-1.10%,,-2.01%,,,,-3.04%,-0.86%,-4.39%,-6.08%,0.94%,-2.83%,-2.78%,-2.24%,-4.88%,-3.90%,-2.48%,-0.14%,-1.70%,-0.99%,-1.87%,-0.92%,-4.41%,0.01%,-2.13%,1.97%,,0.21%,,,,,-3.49%,,,,,,,,-1.00%,,0.64%,-1.62%
6/30/10,0.02%,,,0.90%,,0.68%,,,,1.89%,-0.22%,5.02%,1.39%,0.72%,1.46%,1.47%,-1.52%,0.18%,-1.72%,2.71%,3.21%,-0.30%,-1.31%,5.53%,0.71%,1.00%,0.43%,-2.88%,-1.75%,,-4.02%,,,,,-0.44%,,,,,,,,-0.98%,,1.03%,-0.54%
5/31/10,0.01%,,,-2.80%,,-3.34%,,,,1.76%,-4.58%,-7.26%,-6.94%,-8.28%,-0.85%,-1.01%,3.26%,-7.87%,-2.47%,6.09%,2.85%,-2.40%,-0.34%,2.73%,0.06%,4.96%,0.85%,1.14%,-2.85%,,-5.40%,,,,,0.30%,,,,,,,,-2.87%,,0.85%,-4.50%
4/30/10,0.01%,,,1.60%,,2.22%,,,,0.71%,1.82%,4.22%,1.17%,3.20%,1.58%,1.75%,1.85%,0.38%,1.76%,1.86%,1.96%,3.20%,1.19%,2.55%,1.02%,-2.07%,1.46%,4.59%,3.62%,,-4.72%,,,,,,,,,,,,,0.24%,,2.54%,2.03%
3/31/10,0.00%,,,2.40%,,3.95%,,,,1.97%,8.18%,9.83%,10.63%,6.18%,4.64%,4.91%,1.58%,6.12%,3.77%,-0.85%,0.93%,2.60%,2.62%,0.52%,0.69%,-0.95%,2.86%,3.71%,8.93%,,-6.00%,,,,,,,,,,,,,5.63%,,1.28%,4.90%
2/28/10,0.01%,,,2.50%,,2.35%,,,,3.94%,1.18%,3.97%,-1.08%,4.06%,2.29%,2.33%,0.19%,-1.35%,1.13%,3.46%,3.48%,1.90%,0.29%,-1.12%,0.55%,-0.58%,0.83%,7.53%,4.57%,,2.02%,,,,,,,,,,,,,0.60%,,-1.84%,1.97%
1/31/10,0.00%,,,-3.30%,,-2.64%,,,,-3.35%,-3.90%,-6.61%,-2.68%,-2.94%,-2.51%,-2.64%,-6.93%,-6.25%,-4.76%,-4.02%,1.94%,-6.50%,-5.64%,-6.92%,-3.14%,0.00%,-3.56%,-11.14%,-6.45%,,1.67%,,,,,,,,,,,,,-7.14%,,-3.74%,-3.83%
12/31/09,0.01%,,,-3.40%,,-4.48%,,,,-7.34%,-4.79%,-5.84%,-2.88%,-4.58%,-2.53%,-2.45%,-11.16%,0.10%,-2.82%,-5.32%,-4.87%,-3.20%,-2.24%,-5.64%,-3.55%,-4.29%,-1.84%,-2.27%,,,2.64%,,,,,,,,,,,,,-6.08%,,4.09%,-3.09%
11/30/09,0.01%,,,4.50%,,8.08%,,,,7.71%,2.11%,11.00%,7.08%,6.79%,5.01%,5.12%,1.77%,6.50%,3.37%,2.36%,5.27%,4.10%,4.02%,6.74%,5.22%,1.43%,4.31%,1.88%,,,5.66%,,,,,,,,,,,,,5.49%,,-2.70%,5.17%
10/31/09,0.02%,,,-3.20%,,-4.53%,,,,-3.72%,-3.48%,-4.14%,-4.35%,-0.26%,-1.54%,-1.59%,-5.17%,-3.51%,-2.96%,-3.97%,-0.53%,-1.20%,-2.11%,-4.85%,-2.07%,-1.50%,-3.93%,-2.03%,,,9.24%,,,,,,,,,,,,,-2.72%,,2.25%,-2.94%
9/30/09,0.02%,,,2.00%,,2.95%,,,,2.14%,-0.93%,4.54%,2.75%,4.90%,2.73%,2.85%,3.60%,1.54%,1.49%,2.67%,3.39%,4.50%,2.57%,2.35%,1.78%,-0.13%,1.92%,0.75%,,,2.86%,,,,,,,,,,,,,3.32%,,1.95%,2.40%
8/31/09,0.02%,,,1.00%,,4.29%,,,,0.51%,0.23%,3.16%,5.83%,2.34%,0.31%,0.32%,-1.73%,2.67%,-1.96%,0.46%,0.07%,-1.10%,1.11%,0.48%,1.06%,-1.24%,0.41%,,,,-4.78%,,,,,,,,,,,,,1.07%,,-1.18%,1.57%
7/31/09,0.01%,,,1.50%,,-1.55%,,,,1.31%,-2.30%,1.84%,0.32%,0.87%,-1.55%,-1.52%,0.57%,6.57%,0.68%,-0.93%,-0.64%,0.30%,2.11%,1.26%,-2.94%,0.81%,0.47%,,,,-9.55%,,,,,,,,,,,,,-2.57%,,-3.40%,0.19%
6/30/09,0.01%,,,-3.10%,,-7.91%,,,,-4.06%,-1.10%,-4.98%,-3.49%,-2.48%,-1.31%,-1.26%,0.36%,-0.23%,-2.31%,-1.96%,-2.17%,-2.20%,-3.50%,-5.06%,0.43%,-1.90%,-2.84%,,,,12.09%,,,,,,,,,,,,,-3.03%,,-1.12%,-3.12%
5/31/09,0.03%,,,2.30%,,-2.13%,,,,1.82%,1.28%,-1.08%,-6.51%,3.20%,-2.08%,-2.03%,13.30%,1.82%,1.74%,3.80%,-0.50%,-0.20%,2.86%,3.41%,-0.34%,4.97%,4.23%,,,,0.25%,,,,,,,,,,,,,-0.14%,,-3.02%,0.49%
4/30/09,0.02%,,,-0.70%,,-3.06%,,,,-2.36%,0.18%,-4.65%,-6.49%,-4.42%,-3.08%,-3.01%,-2.43%,-2.72%,-2.54%,-1.20%,-3.39%,-4.60%,-1.71%,-1.79%,-3.08%,-4.33%,-2.23%,,,,-5.06%,,,,,,,,,,,,,-5.96%,,-2.35%,-2.46%
3/31/09,0.02%,,,0.90%,,-3.67%,,,,-2.40%,-3.34%,-3.05%,-6.01%,-0.82%,-1.78%,-1.64%,-7.57%,-3.64%,-2.52%,-3.71%,-1.39%,-2.20%,-3.13%,0.86%,-2.08%,-3.03%,-2.05%,,,,0.37%,,,,,,,,,,,,,-2.38%,,0.12%,-2.97%
2/28/09,-0.01%,,,0.40%,,0.74%,,,,0.23%,0.76%,3.07%,2.66%,0.04%,-0.32%,-0.21%,-2.32%,2.10%,0.81%,0.83%,0.19%,1.20%,1.00%,-0.23%,1.29%,-2.10%,1.07%,,,,14.34%,,,,,,,,,,,,,2.40%,,0.00%,0.54%
1/31/09,0.01%,,,-0.70%,,0.47%,,,,-1.90%,-0.27%,0.88%,-2.60%,-0.64%,0.92%,0.99%,0.38%,-1.82%,0.20%,1.46%,0.40%,0.10%,0.27%,-1.38%,-0.50%,-2.30%,-2.69%,,,,7.14%,,,,,,,,,,,,,0.28%,,3.12%,-0.31%
12/31/08,0.06%,,,2.00%,,3.88%,,,,2.48%,2.29%,2.60%,3.34%,3.58%,1.93%,2.10%,4.98%,5.15%,1.23%,2.87%,6.33%,0.70%,1.26%,0.26%,3.18%,3.78%,2.64%,,,,5.91%,,,,,,,,,,,,,4.80%,,4.35%,2.11%
11/30/08,0.12%,,,4.20%,,5.52%,,,,3.86%,2.57%,7.77%,7.59%,4.77%,4.48%,4.97%,10.10%,6.56%,3.79%,2.77%,5.34%,-1.00%,2.40%,1.20%,6.54%,8.36%,6.76%,,,,-3.12%,,,,,,,,,,,,,5.27%,,6.77%,2.82%
10/31/08,0.19%,,,4.80%,,10.01%,,,,14.90%,7.12%,21.09%,18.85%,11.13%,3.65%,3.73%,20.59%,23.37%,7.59%,1.31%,2.00%,-0.90%,7.40%,0.17%,11.98%,24.86%,10.99%,,,,4.00%,,,,,,,,,,,,,5.84%,,1.61%,7.31%
9/30/08,0.14%,,,-1.00%,,3.33%,,,,2.71%,4.95%,1.02%,1.89%,4.97%,-0.38%,-0.41%,-1.26%,16.95%,-10.81%,-0.91%,-0.16%,-1.10%,1.21%,2.69%,6.15%,-0.55%,-1.22%,,,,9.19%,,,,,,,,,,,,,3.11%,,-1.80%,0.98%
8/31/08,0.17%,,,-1.90%,,-4.47%,,,,2.01%,-1.38%,-9.26%,-1.64%,-0.07%,-3.09%,-3.00%,1.36%,1.92%,-2.70%,-1.28%,-3.34%,-1.10%,-1.68%,-2.71%,-1.54%,3.08%,-2.04%,,,,-4.78%,,,,,,,,,,,,,-3.22%,,-5.12%,-2.90%
7/31/08,0.17%,,,-3.40%,,-9.33%,,,,-7.20%,-2.38%,-10.18%,-6.12%,-4.35%,-4.66%,-4.63%,-13.55%,-9.45%,-1.15%,1.33%,-4.08%,-1.00%,-3.53%,-5.47%,-4.66%,-9.28%,-2.91%,,,,-3.60%,,,,,,,,,,,,,1.04%,,6.20%,-5.05%
6/30/08,0.06%,,,1.40%,,8.07%,,,,5.16%,3.03%,8.41%,9.34%,4.62%,5.22%,5.06%,4.22%,6.63%,5.52%,1.79%,3.93%,5.60%,2.51%,3.10%,3.29%,4.75%,9.22%,,,,0.64%,,,,,,,,,,,,,3.33%,,3.26%,5.39%
5/31/08,0.12%,,,0.40%,,4.27%,,,,3.45%,3.28%,1.67%,5.31%,0.50%,1.95%,1.99%,4.88%,7.44%,3.57%,1.93%,2.46%,2.40%,1.96%,1.70%,0.98%,3.62%,3.31%,,,,3.85%,,,,,,,,,,,,,3.02%,,-2.11%,2.59%
4/30/08,0.21%,,,0.00%,,-5.26%,,,,-3.83%,0.59%,-6.55%,-5.87%,-6.06%,-0.97%,-0.99%,1.26%,-5.44%,-0.34%,-1.34%,-5.81%,-2.20%,0.23%,0.14%,-1.56%,-2.71%,-0.73%,,,,5.74%,,,,,,,,,,,,,1.04%,,-2.13%,-1.72%
3/31/08,0.13%,,,2.00%,,-3.64%,,,,1.57%,1.33%,-10.13%,-3.18%,1.89%,-0.92%,-0.66%,-0.53%,-8.45%,-1.27%,2.46%,0.28%,0.10%,0.73%,0.21%,-1.81%,-2.07%,-0.67%,,,,0.87%,,,,,,,,,,,,,0.11%,,11.56%,-1.38%
2/29/08,0.38%,,,2.80%,,7.63%,,,,6.02%,5.55%,29.55%,13.26%,7.03%,8.21%,7.95%,14.92%,11.17%,7.08%,2.81%,3.55%,1.90%,4.04%,10.01%,15.03%,7.31%,5.76%,,,,-3.19%,,,,,,,,,,,,,11.60%,,3.20%,7.17%
1/31/08,0.28%,,,6.60%,,4.97%,,,,6.19%,-0.48%,19.94%,5.56%,9.98%,3.92%,3.85%,2.09%,6.78%,3.92%,1.25%,3.58%,0.40%,0.98%,1.85%,4.96%,4.86%,9.47%,,,,0.44%,,,,,,,,,,,,,1.41%,,1.97%,2.61%
12/31/07,0.39%,,,0.60%,,3.40%,,,,-2.43%,1.32%,6.55%,1.41%,-1.20%,0.12%,0.24%,4.04%,-3.29%,-1.52%,1.34%,-0.38%,-2.00%,-1.45%,3.76%,2.13%,-0.30%,-2.00%,,,,6.37%,,,,,,,,,,,,,1.64%,,-0.03%,1.32%
11/30/07,0.30%,,,1.20%,,-4.21%,,,,2.83%,-2.16%,7.78%,0.15%,3.68%,2.45%,2.42%,-3.71%,3.51%,-5.90%,2.18%,3.40%,-6.00%,-0.38%,3.06%,-1.75%,0.52%,-4.66%,,,,3.92%,,,,,,,,,,,,,0.25%,,5.10%,-0.96%
10/31/07,0.35%,,,2.30%,,7.33%,,,,6.82%,9.02%,3.04%,8.84%,5.27%,2.38%,2.52%,6.73%,-0.67%,8.09%,2.39%,1.85%,6.10%,4.35%,5.39%,4.20%,3.85%,1.52%,,,,6.78%,,,,,,,,,,,,,6.50%,,5.12%,6.04%
9/30/07,0.49%,,,5.20%,,5.51%,,,,4.35%,7.81%,16.81%,5.97%,6.71%,6.83%,6.99%,13.80%,2.93%,6.56%,2.12%,0.80%,2.30%,2.99%,11.81%,6.26%,4.92%,5.85%,,,,0.52%,,,,,,,,,,,,,5.71%,,-4.79%,6.13%
8/31/07,0.38%,,,-4.70%,,-6.53%,,,,-5.81%,-2.44%,-22.81%,-1.75%,-3.49%,-0.96%,-0.88%,-11.84%,-5.31%,-2.43%,3.02%,-1.53%,-6.30%,-2.70%,-1.75%,-2.90%,-3.83%,-1.76%,,,,0.77%,,,,,,,,,,,,,-5.11%,,-3.45%,-6.95%
7/31/07,0.40%,,,-5.40%,,-5.68%,,,,-1.97%,-2.50%,-17.63%,-6.28%,0.39%,-1.38%,-1.18%,2.07%,-5.60%,-0.43%,3.72%,-0.88%,-9.50%,-1.99%,1.23%,-3.01%,-0.05%,-3.71%,,,,-3.84%,,,,,,,,,,,,,0.35%,,4.43%,-4.85%
6/30/07,0.42%,,,1.20%,,3.68%,,,,4.96%,3.65%,7.60%,4.66%,3.09%,1.83%,1.91%,6.81%,7.79%,0.49%,-0.14%,1.49%,3.90%,3.49%,5.21%,-1.13%,3.52%,1.27%,,,,1.18%,,,,,,,,,,,,,3.71%,,5.18%,2.31%
5/31/07,0.43%,,,2.90%,,6.22%,,,,6.09%,6.84%,11.77%,6.93%,7.26%,5.04%,5.05%,-0.79%,3.39%,-0.77%,3.69%,2.16%,6.10%,7.86%,1.70%,,2.55%,8.41%,,,,-7.21%,,,,,,,,,,,,,6.02%,,2.77%,5.84%
4/30/07,0.45%,,,3.80%,,4.66%,,,,3.38%,5.69%,8.19%,6.89%,6.01%,6.13%,6.46%,6.26%,3.21%,1.74%,4.74%,2.45%,2.50%,3.95%,3.19%,,2.73%,6.47%,,,,4.62%,,,,,,,,,,,,,8.10%,,-3.16%,5.16%
3/31/07,0.38%,,,-0.80%,,-1.94%,,,,-3.89%,-3.24%,-3.35%,-4.62%,-1.41%,-4.13%,-3.95%,-0.50%,0.08%,-0.33%,-3.25%,-0.23%,-2.80%,-1.41%,-4.07%,,-2.51%,-1.60%,,,,3.05%,,,,,,,,,,,,,-6.43%,,-3.15%,-2.32%
2/28/07,0.41%,,,-1.40%,,-5.83%,,,,-4.69%,-4.07%,-8.30%,-7.34%,-4.56%,-6.39%,-5.93%,-3.23%,-3.51%,-1.21%,-3.16%,-1.24%,-5.00%,-3.32%,0.67%,,-3.65%,-7.26%,,,,0.56%,,,,,,,,,,,,,-2.36%,,2.96%,-4.01%
1/31/07,0.43%,,,1.30%,,2.78%,,,,3.97%,1.64%,6.21%,1.22%,3.91%,4.03%,3.86%,-0.49%,3.33%,-0.02%,1.83%,1.47%,2.50%,-1.30%,0.70%,,0.32%,1.87%,,,,6.94%,,,,,,,,,,,,,2.53%,,1.91%,1.71%
12/31/06,0.42%,,,0.60%,,5.52%,,,,1.19%,5.29%,8.41%,3.89%,4.03%,2.03%,2.14%,2.54%,3.38%,0.77%,-2.91%,0.30%,7.40%,0.21%,-2.33%,,1.36%,5.13%,,,,1.86%,,,,,,,,,,,,,3.41%,,0.77%,2.75%
11/30/06,0.39%,,,1.60%,,0.23%,,,,2.71%,3.68%,4.33%,2.99%,0.47%,3.10%,3.24%,5.95%,-6.34%,1.89%,4.84%,1.51%,1.20%,0.80%,5.95%,,2.17%,1.31%,,,,10.97%,,,,,,,,,,,,,2.64%,,1.52%,2.42%
10/31/06,0.44%,,,1.30%,,4.81%,,,,-1.04%,4.56%,5.93%,5.41%,2.48%,1.43%,1.48%,7.48%,-4.46%,1.46%,0.68%,-1.07%,2.00%,0.14%,0.67%,,1.25%,0.88%,,,,-4.48%,,,,,,,,,,,,,2.49%,,-0.97%,1.70%
9/30/06,0.43%,,,0.70%,,0.37%,,,,-3.15%,0.12%,-5.22%,-0.45%,-0.09%,-1.43%,-1.11%,0.25%,0.91%,1.11%,0.98%,-1.09%,-2.60%,1.44%,-1.79%,,-2.08%,-2.84%,,,,8.26%,,,,,,,,,,,,,-0.20%,,1.59%,-0.25%
8/31/06,0.41%,,,1.60%,,-0.59%,,,,3.97%,4.72%,-8.76%,-2.22%,2.91%,4.58%,4.54%,0.36%,-1.22%,0.76%,2.45%,1.77%,-0.20%,-1.05%,1.86%,,1.12%,0.33%,,,,2.92%,,,,,,,,,,,,,4.45%,,-1.36%,0.88%
7/31/06,0.40%,,,-0.70%,,-4.56%,,,,-4.60%,-3.69%,-5.69%,-2.96%,-3.10%,-0.62%,-0.47%,-6.08%,-6.44%,-3.04%,0.85%,-0.73%,0.00%,-1.58%,-3.54%,,-1.48%,-6.63%,,,,1.70%,,,,,,,,,,,,,-5.77%,,-2.52%,-2.79%
6/30/06,0.40%,,,-3.40%,,0.49%,,,,-2.07%,-1.26%,-1.61%,-1.91%,-4.86%,-1.34%,-1.17%,-3.18%,-1.28%,-2.68%,0.56%,-0.48%,-0.10%,-0.72%,1.83%,,-4.08%,-2.39%,,,,5.80%,,,,,,,,,,,,,-2.70%,,-2.92%,-1.81%
5/31/06,0.38%,,,-4.00%,,-4.98%,,,,1.92%,-3.78%,-7.78%,-6.18%,-5.15%,-3.21%,-2.94%,0.91%,-2.15%,0.86%,2.79%,0.10%,-2.60%,-1.95%,1.34%,,0.74%,-3.15%,,,,5.50%,,,,,,,,,,,,,-2.94%,,6.71%,-2.13%
4/30/06,0.38%,,,5.50%,,5.10%,,,,3.24%,1.94%,9.38%,6.96%,9.51%,5.68%,5.66%,14.62%,2.38%,6.99%,2.21%,1.60%,-1.80%,4.02%,4.92%,,10.36%,3.47%,,,,-3.80%,,,,,,,,,,,,,8.50%,,4.09%,4.14%
3/31/06,0.32%,,,5.20%,,5.31%,,,,3.44%,0.89%,12.42%,5.48%,5.54%,3.88%,4.01%,0.55%,0.37%,1.75%,0.25%,1.53%,4.00%,2.69%,-4.36%,,2.76%,2.16%,,,,-5.76%,,,,,,,,,,,,,5.58%,,-1.06%,3.60%
2/28/06,0.32%,,,-1.20%,,-1.31%,,,,-0.13%,-2.26%,-1.37%,-3.30%,-4.75%,-2.74%,-2.58%,-3.02%,-0.69%,-2.49%,-1.25%,-0.76%,-1.20%,-0.20%,-2.13%,,-3.16%,0.52%,,,,4.43%,,,,,,,,,,,,,-3.48%,,1.57%,-1.87%
1/31/06,0.32%,,,4.10%,,2.47%,,,,0.16%,1.78%,-3.63%,1.37%,4.97%,3.93%,4.20%,4.34%,-0.51%,2.47%,-0.10%,-0.47%,1.70%,1.27%,0.67%,,2.20%,2.30%,,,,-2.50%,,,,,,,,,,,,,3.19%,,-0.58%,1.61%
12/31/05,0.31%,,,2.50%,,-0.28%,,,,-1.44%,-3.00%,-3.88%,-1.92%,-2.20%,-4.59%,-4.37%,-3.35%,-2.78%,-2.23%,0.42%,-0.99%,-1.90%,-1.10%,0.34%,,-0.75%,0.20%,,,,3.16%,,,,,,,,,,,,,-1.45%,,3.95%,-2.39%
11/30/05,0.27%,,,4.50%,,5.80%,,,,4.48%,3.40%,6.00%,10.55%,5.13%,7.05%,7.32%,4.36%,7.85%,2.04%,-2.98%,1.60%,2.30%,0.54%,0.64%,,3.38%,2.33%,,,,9.90%,,,,,,,,,,,,,8.99%,,-1.13%,4.24%
10/31/05,0.30%,,,-4.70%,,-1.43%,,,,1.96%,-0.67%,-0.94%,-0.58%,-3.21%,-3.02%,-2.95%,0.11%,0.95%,0.44%,1.17%,-1.38%,3.40%,0.37%,0.31%,,-2.85%,-7.20%,,,,3.02%,,,,,,,,,,,,,-3.07%,,-0.06%,-0.45%
9/30/05,0.28%,,,12.40%,,0.58%,,,,1.53%,1.80%,-3.51%,0.51%,-0.81%,-6.50%,-6.17%,2.94%,1.15%,-1.91%,1.72%,-2.14%,3.50%,1.96%,-1.86%,,-0.18%,5.36%,,,,9.04%,,,,,,,,,,,,,1.20%,,2.30%,0.00%
8/31/05,0.24%,,,3.50%,,4.24%,,,,-1.60%,-0.49%,-5.46%,2.00%,6.86%,7.66%,7.63%,2.35%,1.83%,5.57%,3.77%,1.49%,-4.10%,1.87%,3.72%,,3.18%,,,,,-0.81%,,,,,,,,,,,,,3.63%,,-1.39%,1.66%
7/31/05,0.23%,,,4.00%,,-0.87%,,,,-1.35%,3.26%,-1.89%,-2.11%,2.12%,-2.15%,-1.85%,-4.02%,-0.65%,1.32%,-2.13%,-2.74%,1.20%,-1.54%,-0.20%,,-2.17%,,,,,1.14%,,,,,,,,,,,,,-1.15%,,2.77%,0.28%
6/30/05,0.24%,,,1.90%,,4.47%,,,,3.58%,4.02%,12.23%,3.47%,5.05%,2.85%,3.13%,5.15%,-2.42%,2.86%,1.41%,3.60%,5.70%,2.24%,3.25%,,1.93%,,,,,-0.15%,,,,,,,,,,,,,5.99%,,3.23%,3.62%
5/31/05,0.22%,,,5.00%,,4.61%,,,,5.60%,1.03%,13.03%,1.43%,4.93%,6.49%,6.62%,1.48%,-4.02%,2.29%,1.50%,2.45%,4.80%,0.49%,6.16%,,0.59%,,,,,0.64%,,,,,,,,,,,,,3.88%,,-1.13%,2.94%
4/30/05,0.23%,,,1.00%,,-2.94%,,,,-1.20%,-3.48%,-15.01%,-4.99%,-1.33%,-4.03%,-4.21%,-3.46%,-5.56%,0.72%,3.68%,0.20%,0.80%,-5.46%,-1.79%,,-2.06%,,,,,-7.98%,,,,,,,,,,,,,-4.89%,,0.75%,-3.82%
3/31/05,0.16%,,,-1.10%,,1.44%,,,,-2.10%,2.03%,-4.04%,-1.58%,2.02%,4.70%,4.64%,0.41%,0.27%,-0.77%,3.12%,1.20%,0.60%,0.42%,1.33%,,-0.86%,,,,,-0.87%,,,,,,,,,,,,,0.44%,,0.50%,0.42%
2/28/05,0.17%,,,-2.40%,,4.09%,,,,1.61%,2.74%,-6.72%,-2.22%,3.47%,5.72%,6.58%,2.58%,-4.57%,1.05%,1.88%,-0.31%,-0.90%,-1.21%,0.23%,,2.88%,,,,,6.58%,,,,,,,,,,,,,0.17%,,-2.38%,0.86%
1/31/05,0.19%,,,-1.50%,,-7.48%,,,,-4.18%,-4.35%,-4.09%,-5.14%,-3.46%,-5.16%,-5.38%,-7.67%,-2.34%,-2.74%,-3.58%,-1.11%,-1.50%,-5.97%,-3.38%,,-4.88%,,,,,4.53%,,,,,,,,,,,,,-8.86%,,2.30%,-6.09%
12/31/04,0.14%,,,,,-3.01%,,,,1.09%,1.71%,-0.69%,0.25%,-2.18%,-0.58%,-0.19%,-1.32%,-0.36%,-1.08%,-1.92%,-1.95%,0.80%,3.47%,-1.12%,,-0.58%,,,,,6.32%,,,,,,,,,,,,,0.62%,,3.50%,0.62%
11/30/04,0.12%,,,,,5.17%,,,,6.45%,8.97%,5.32%,7.63%,5.57%,6.38%,6.37%,-0.60%,7.20%,4.59%,0.85%,2.86%,3.50%,4.01%,4.39%,,5.80%,,,,,3.55%,,,,,,,,,,,,,6.76%,,1.50%,6.34%
10/31/04,0.12%,,,,,3.33%,,,,7.32%,3.20%,7.93%,2.44%,3.25%,3.37%,4.03%,6.23%,-1.13%,0.40%,0.36%,4.36%,2.10%,4.82%,5.97%,,1.86%,,,,,11.93%,,,,,,,,,,,,,3.14%,,1.90%,5.11%
9/30/04,0.11%,,,,,0.67%,,,,-0.60%,1.63%,1.58%,5.32%,3.98%,4.78%,5.14%,-0.99%,7.78%,0.74%,1.07%,2.42%,-0.90%,3.46%,0.86%,,3.01%,,,,,2.46%,,,,,,,,,,,,,6.87%,,-0.50%,2.16%
8/31/04,0.10%,,,,,0.80%,,,,2.12%,-0.42%,9.29%,-4.03%,0.41%,2.64%,3.09%,-1.25%,-5.85%,0.67%,0.49%,2.82%,-0.70%,0.24%,4.40%,,-1.66%,,,,,-0.64%,,,,,,,,,,,,,-4.63%,,-2.70%,-0.22%
7/31/04,0.07%,,,,,-0.24%,,,,-3.35%,-1.34%,-5.16%,-1.35%,0.28%,0.88%,1.33%,1.36%,-0.45%,-1.86%,0.29%,-0.65%,-0.10%,-3.34%,-2.69%,,-0.93%,,,,,-7.73%,,,,,,,,,,,,,0.02%,,0.50%,-1.88%
6/30/04,0.08%,,,,,-7.96%,,,,-2.20%,-2.35%,-9.86%,-4.55%,-2.32%,-3.12%,-2.96%,-9.98%,-1.21%,-1.65%,-1.49%,-2.31%,-2.30%,-1.99%,-0.65%,,-4.10%,,,,,-3.87%,,,,,,,,,,,,,,,0.60%,-2.46%
5/31/04,0.08%,,,,,-1.38%,,,,0.83%,-0.31%,-6.84%,-0.82%,-1.00%,-0.16%,0.28%,1.30%,-6.06%,-1.07%,0.48%,0.55%,-0.10%,-3.83%,0.04%,,,,,,,6.69%,,,,,,,,,,,,,,,-2.10%,-7.67%
4/30/04,0.08%,,,,,-7.55%,,,,-2.05%,-3.17%,-18.35%,-15.04%,-3.53%,-8.27%,-8.62%,-5.60%,-6.97%,-6.53%,4.83%,-9.27%,-5.00%,-6.71%,-4.37%,,,,,,,0.83%,,,,,,,,,,,,,,,0.10%,-1.96%
3/31/04,0.07%,,,,,-5.27%,,,,-1.69%,-2.18%,-2.90%,-6.53%,,-0.50%,-0.80%,-1.38%,2.33%,-0.58%,0.29%,1.45%,1.50%,-0.18%,-0.75%,,,,,,,-4.03%,,,,,,,,,,,,,,,0.40%,6.88%
2/29/04,0.07%,,,,,6.78%,,,,4.69%,4.95%,8.38%,8.36%,,11.93%,11.56%,3.93%,11.09%,2.24%,-2.53%,7.62%,11.00%,5.44%,4.28%,,,,,,,6.15%,,,,,,,,,,,,,,,1.00%,1.39%
1/31/04,0.05%,,,,,1.90%,,,,1.19%,2.08%,-2.86%,1.93%,,2.65%,2.72%,-2.80%,2.45%,0.28%,3.12%,0.40%,2.30%,0.86%,-2.22%,,,,,,,8.39%,,,,,,,,,,,,,,,2.00%,4.18%
12/31/03,0.08%,,,,,4.13%,,,,3.69%,0.22%,-4.47%,7.40%,,10.00%,10.27%,1.13%,6.64%,3.66%,0.51%,3.13%,4.30%,2.52%,2.69%,,,,,,,12.43%,,,,,,,,,,,,,,,0.70%,-0.14%
11/30/03,0.07%,,,,,-0.92%,,,,1.14%,-0.69%,-4.45%,-1.32%,,-2.68%,-2.48%,-3.28%,-1.03%,0.21%,-2.50%,-0.26%,1.00%,0.48%,0.86%,,,,,,,-1.95%,,,,,,,,,,,,,,,2.70%,3.26%
10/31/03,0.09%,,,,,2.46%,,,,4.29%,2.48%,-4.23%,6.38%,,5.46%,4.72%,-4.62%,13.80%,-1.49%,-1.01%,-4.48%,2.30%,5.06%,-0.70%,,,,,,,-3.49%,,,,,,,,,,,,,,,0.00%,-4.37%
9/30/03,0.08%,,,,,1.94%,,,,6.45%,-2.04%,-7.63%,1.69%,,0.71%,0.27%,4.23%,4.17%,1.08%,3.20%,-1.03%,-0.80%,-5.50%,0.15%,,,,,,,7.07%,,,,,,,,,,,,,,,2.10%,2.86%
8/31/03,0.07%,,,,,-0.57%,,,,0.41%,-0.09%,16.70%,-4.12%,,0.69%,0.62%,1.85%,-0.87%,-0.84%,-0.32%,-3.62%,2.20%,0.43%,0.44%,,,,,,,4.87%,,,,,,,,,,,,,,,0.40%,-1.54%
7/31/03,0.11%,,,,,2.17%,,,,-5.32%,-2.36%,-4.75%,2.42%,,-1.15%,-0.68%,-1.86%,-4.41%,-3.45%,0.79%,-4.78%,-3.40%,-0.57%,-1.55%,,,,,,,3.42%,,,,,,,,,,,,,,,1.60%,-5.36%
6/30/03,0.10%,,,,,-3.10%,,,,3.25%,-2.45%,-8.07%,-7.78%,,-5.85%,-5.20%,-4.59%,-6.35%,-2.16%,0.54%,-3.49%,-0.70%,-3.69%,-0.80%,,,,,,,10.20%,,,,,,,,,,,,,,,3.40%,7.35%
5/31/03,0.09%,,,,,10.49%,,,,10.51%,5.81%,9.45%,9.33%,,10.18%,10.19%,14.36%,9.42%,4.84%,3.16%,9.71%,2.40%,5.72%,4.78%,,,,,,,6.47%,,,,,,,,,,,,,,,2.70%,0.76%
4/30/03,0.10%,,,,,-1.48%,,,,4.18%,3.77%,1.57%,2.49%,,2.07%,2.45%,-7.90%,-4.10%,1.63%,-0.09%,-0.04%,3.00%,-0.63%,0.31%,,,,,,,5.99%,,,,,,,,,,,,,,,-0.10%,-9.12%
3/31/03,0.09%,,,,,-7.08%,,,,-4.52%,-5.04%,-22.44%,-6.68%,,-11.14%,-10.80%,0.93%,-6.32%,-4.37%,-0.17%,-3.73%,-4.10%,-6.13%,-0.58%,,,,,,,-5.61%,,,,,,,,,,,,,,,-0.30%,7.41%
2/28/03,0.10%,,,,,8.35%,,,,3.99%,4.03%,13.83%,8.98%,,11.95%,11.95%,6.16%,6.94%,3.31%,0.84%,8.62%,8.00%,5.11%,7.26%,,,,,,,2.66%,,,,,,,,,,,,,,,-0.80%,7.64%
1/31/03,0.10%,,,,,3.72%,,,,2.99%,5.18%,6.94%,12.72%,,5.30%,5.95%,-1.84%,7.76%,1.71%,0.79%,5.38%,7.30%,6.38%,1.56%,,,,,,,1.28%,,,,,,,,,,,,,,,-2.40%,9.35%
12/31/02,0.14%,,,,,13.90%,,,,4.73%,6.58%,21.34%,3.46%,,13.46%,14.16%,16.92%,10.19%,10.11%,-0.85%,12.83%,3.10%,7.06%,10.79%,,,,,,,-1.55%,,,,,,,,,,,,,,,2.00%,-5.41%
11/30/02,0.14%,,,,,-4.86%,,,,-2.85%,-1.71%,-12.70%,-3.97%,,-1.09%,-0.69%,-3.50%,-5.97%,-2.37%,1.58%,-4.46%,-0.80%,-2.45%,-1.40%,,,,,,,-7.64%,,,,,,,,,,,,,,,0.70%,-6.78%
10/31/02,0.15%,,,,,-6.51%,,,,-4.56%,-2.72%,-12.27%,-3.70%,,-7.76%,-7.96%,0.99%,-9.42%,-1.77%,-0.94%,-5.58%,-3.60%,-5.18%,-1.90%,,,,,,,3.19%,,,,,,,,,,,,,,,-0.20%,5.84%
9/30/02,0.14%,,,,,7.16%,,,,3.35%,3.44%,9.10%,6.35%,,7.42%,7.63%,6.90%,4.35%,3.87%,1.61%,11.67%,4.10%,3.65%,-1.01%,,,,,,,13.95%,,,,,,,,,,,,,,,0.90%,3.86%
8/31/02,0.14%,,,,,1.63%,,,,1.48%,2.78%,10.50%,6.49%,,5.48%,6.04%,0.83%,3.75%,1.89%,0.36%,3.71%,3.80%,4.20%,-0.34%,,,,,,,5.40%,,,,,,,,,,,,,,,-1.20%,7.34%
7/31/02,0.14%,,,,,8.47%,,,,5.27%,5.97%,14.82%,11.54%,,4.79%,4.71%,3.76%,4.82%,4.48%,4.99%,11.74%,7.50%,6.98%,2.24%,,,,,,,5.65%,,,,,,,,,,,,,,,-1.40%,13.10%
6/30/02,0.15%,,,,,11.29%,,,,10.75%,8.41%,24.24%,7.62%,,7.32%,7.95%,9.22%,11.62%,6.69%,0.98%,6.26%,8.00%,7.38%,2.59%,,,,,,,8.81%,,,,,,,,,,,,,,,-0.90%,5.04%
5/31/02,0.15%,,,,,2.52%,,,,5.65%,2.34%,5.41%,2.18%,,-3.80%,-3.96%,-2.49%,-5.13%,0.68%,1.88%,1.07%,4.00%,3.75%,-0.68%,,,,,,,1.72%,,,,,,,,,,,,,,,-1.50%,-2.49%
4/30/02,0.15%,,,,,-2.73%,,,,1.60%,-0.99%,-5.71%,0.25%,,-4.66%,-3.76%,-1.44%,-3.68%,-0.19%,-3.37%,-2.36%,-3.80%,-3.79%,3.92%,,,,,,,-8.29%,,,,,,,,,,,,,,,1.90%,0.32%
3/31/02,0.13%,,,,,4.81%,,,,2.70%,2.00%,2.39%,-3.99%,,11.44%,12.62%,16.53%,-2.05%,0.80%,0.48%,-2.00%,-1.30%,-2.20%,-0.99%,,,,,,,9.21%,,,,,,,,,,,,,,,0.30%,-3.92%
2/28/02,0.15%,,,,,-9.73%,,,,-7.30%,-0.69%,-8.07%,-2.68%,,-6.14%,-6.04%,-13.71%,-1.32%,-2.86%,-4.05%,1.14%,-1.70%,-2.41%,-4.55%,,,,,,,7.63%,,,,,,,,,,,,,,,-1.30%,-0.71%
1/31/02,0.16%,,,,,-5.15%,,,,0.40%,-1.17%,3.03%,-5.47%,,-10.81%,-10.13%,4.05%,0.52%,-1.58%,-0.46%,-0.83%,-0.60%,1.46%,2.69%,,,,,,,2.64%,,,,,,,,,,,,,,,2.10%,3.85%
12/31/01,0.19%,,,,,-2.81%,,,,2.36%,4.86%,6.73%,1.96%,,-4.02%,-5.15%,10.42%,4.82%,-0.26%,1.45%,-3.29%,3.30%,-0.28%,0.76%,,,,,,,6.28%,,,,,,,,,,,,,,,2.60%,-13.60%
11/30/01,0.22%,,,,,-5.62%,,,,-6.35%,-3.12%,-23.52%,-6.99%,,-7.56%,-7.10%,0.58%,-9.34%,-4.30%,-0.43%,-6.60%,-8.20%,-9.32%,-2.36%,,,,,,,9.76%,,,,,,,,,,,,,,,2.90%,7.21%
10/31/01,0.37%,,,,,5.25%,,,,0.25%,1.07%,20.74%,3.57%,,12.45%,13.75%,2.97%,3.82%,3.85%,-0.05%,10.18%,4.90%,6.00%,5.58%,,,,,,,5.37%,,,,,,,,,,,,,,,-1.10%,4.04%
9/30/01,0.31%,,,,,10.13%,,,,6.81%,7.82%,1.13%,18.69%,,4.48%,4.64%,7.38%,6.23%,7.04%,0.95%,6.48%,6.10%,7.59%,-3.28%,,,,,,,-1.95%,,,,,,,,,,,,,,,-1.40%,2.85%
8/31/01,0.31%,,,,,2.72%,,,,8.02%,2.37%,6.47%,0.31%,,0.02%,0.56%,-4.52%,2.03%,4.15%,4.80%,2.79%,2.00%,5.07%,5.87%,,,,,,,12.19%,,,,,,,,,,,,,,,-1.40%,-2.90%
7/31/01,0.30%,,,,,3.52%,,,,0.77%,4.72%,0.09%,-3.03%,,0.72%,0.66%,3.68%,-3.66%,2.16%,-1.46%,-1.78%,1.70%,-1.24%,-1.42%,,,,,,,3.29%,,,,,,,,,,,,,,,0.70%,-2.35%
6/30/01,0.35%,,,,,0.41%,,,,-2.68%,-1.36%,-8.31%,-5.13%,,-2.95%,-2.66%,-2.20%,4.97%,0.05%,1.75%,-0.64%,-1.40%,-0.03%,-3.28%,,,,,,,2.96%,,,,,,,,,,,,,,,1.10%,1.03%
5/31/01,0.40%,,,,,-2.10%,,,,-0.49%,1.29%,-0.91%,0.69%,,-3.32%,-2.61%,3.89%,2.41%,-0.77%,-2.22%,0.27%,1.30%,0.64%,3.40%,,,,,,,-1.47%,,,,,,,,,,,,,,,3.80%,-8.37%
4/30/01,0.45%,,,,,-6.85%,,,,-4.66%,-1.48%,-8.96%,-12.56%,,-5.23%,-5.31%,-5.59%,-4.19%,-2.79%,1.63%,-6.15%,-6.30%,-8.09%,-0.48%,,,,,,,3.05%,,,,,,,,,,,,,,,-2.00%,8.33%
3/31/01,0.38%,,,,,10.48%,,,,7.09%,6.75%,6.26%,12.49%,,7.48%,7.09%,12.11%,15.48%,4.25%,9.30%,3.15%,7.20%,7.01%,0.40%,,,,,,,-1.25%,,,,,,,,,,,,,,,-3.30%,1.09%
2/28/01,0.56%,,,,,0.35%,,,,2.69%,0.60%,0.55%,2.96%,,0.57%,0.56%,-5.43%,4.95%,1.74%,5.80%,2.46%,0.90%,1.66%,-1.07%,,,,,,,5.45%,,,,,,,,,,,,,,,0.30%,1.00%
1/31/01,,,,,,0.87%,,,,2.06%,0.72%,7.72%,-0.32%,,4.58%,4.38%,-5.22%,-6.20%,-0.17%,-3.38%,3.14%,-0.80%,-1.11%,1.63%,,,,,,,1.02%,,,,,,,,,,,,,,,,
,,,,,,11.73%,,,,7.54%,4.47%,,9.85%,,16.04%,16.81%,18.05%,-0.12%,8.82%,2.45%,8.03%,2.50%,8.97%,10.02%,,,,,,,10.42%,,,,,,,,,,,,,,,,
,,,,,,8.12%,,,,5.69%,5.97%,,3.28%,,7.10%,7.33%,7.97%,6.33%,6.81%,5.34%,7.60%,5.80%,9.84%,12.30%,,,,,,,9.52%,,,,,,,,,,,,,,,,
,,,,,,3.62%,,,,3.09%,2.54%,,-2.17%,,2.50%,2.09%,4.85%,3.26%,2.09%,0.95%,2.81%,2.90%,2.19%,0.83%,,,,,,,-0.09%,,,,,,,,,,,,,,,,
,,,,,,-0.16%,,,,-1.34%,0.62%,,-3.93%,,-7.54%,-7.76%,-2.83%,-1.70%,-1.26%,3.34%,-1.79%,-2.50%,-1.28%,1.48%,,,,,,,-2.25%,,,,,,,,,,,,,,,,
,,,,,,3.43%,,,,-4.29%,1.81%,,5.88%,,2.82%,3.23%,3.17%,4.92%,2.03%,0.83%,1.40%,2.80%,4.49%,0.43%,,,,,,,3.30%,,,,,,,,,,,,,,,,
,,,,,,-1.85%,,,,0.88%,-0.77%,,-1.30%,,-4.33%,-4.58%,-2.57%,1.49%,-0.27%,-6.05%,-0.01%,-1.20%,-0.65%,-2.71%,,,,,,,-2.84%,,,,,,,,,,,,,,,,
,,,,,,-3.19%,,,,-2.25%,-2.44%,,-1.42%,,-1.28%,-1.27%,-4.16%,-4.41%,-0.69%,0.00%,-4.76%,2.00%,-3.24%,-1.45%,,,,,,,5.50%,,,,,,,,,,,,,,,,
,,,,,,3.72%,,,,3.35%,2.52%,,2.60%,,-0.50%,-0.26%,8.03%,1.14%,4.10%,-3.28%,4.68%,2.50%,-2.60%,1.88%,,,,,,,-5.16%,,,,,,,,,,,,,,,,
,,,,,,-2.69%,,,,,0.14%,,1.67%,,1.53%,2.06%,-2.85%,11.91%,-0.71%,3.72%,-4.06%,-1.20%,-2.43%,-0.29%,,,,,,,7.11%,,,,,,,,,,,,,,,,
,,,,,,-0.57%,,,,,-2.29%,,-2.96%,,-3.13%,-3.28%,7.14%,-1.59%,-1.45%,3.60%,-6.28%,-1.60%,0.29%,-1.94%,,,,,,,-8.86%,,,,,,,,,,,,,,,,
,,,,,,-0.28%,,,,,-1.99%,,1.06%,,1.75%,1.72%,-1.54%,0.35%,0.57%,2.87%,-2.39%,-0.20%,-0.97%,-0.61%,,,,,,,0.56%,,,,,,,,,,,,,,,,
,,,,,,1.64%,,,,,1.55%,,-2.66%,,-3.66%,-3.96%,4.18%,-5.58%,-2.37%,-6.88%,2.98%,3.60%,0.99%,-2.14%,,,,,,,-5.39%,,,,,,,,,,,,,,,,
,,,,,,5.66%,,,,,4.29%,,8.22%,,9.20%,9.04%,1.11%,4.88%,2.87%,4.11%,0.85%,3.20%,4.66%,-0.73%,,,,,,,11.67%,,,,,,,,,,,,,,,,
,,,,,,7.66%,,,,,1.84%,,-0.41%,,13.12%,13.93%,4.26%,5.20%,4.40%,-0.90%,-1.74%,0.90%,1.52%,0.04%,,,,,,,10.59%,,,,,,,,,,,,,,,,
,,,,,,-3.40%,,,,,-6.82%,,0.31%,,-6.13%,-6.20%,-5.26%,-1.24%,-7.95%,-1.94%,-3.91%,-2.90%,-3.16%,-2.86%,,,,,,,-2.67%,,,,,,,,,,,,,,,,
,,,,,,-1.76%,,,,,0.63%,,-1.68%,,-0.16%,-0.17%,1.12%,-3.59%,-0.32%,-3.13%,1.08%,1.80%,1.07%,3.31%,,,,,,,-6.09%,,,,,,,,,,,,,,,,
,,,,,,-0.67%,,,,,-2.51%,,1.75%,,-3.64%,-3.47%,-1.73%,8.54%,-3.51%,2.53%,1.82%,1.20%,2.69%,-5.62%,,,,,,,9.93%,,,,,,,,,,,,,,,,
,,,,,,-3.16%,,,,,1.95%,,-2.80%,,-1.93%,-2.01%,-1.77%,-4.43%,-0.45%,8.17%,-5.05%,0.30%,-1.84%,5.18%,,,,,,,6.68%,,,,,,,,,,,,,,,,
,,,,,,-0.41%,,,,,4.51%,,0.40%,,5.31%,5.29%,2.81%,-0.36%,2.06%,1.41%,-0.14%,4.80%,4.68%,1.43%,,,,,,,7.19%,,,,,,,,,,,,,,,,
,,,,,,-2.53%,,,,,-3.10%,,-7.12%,,-8.58%,-8.39%,-2.66%,-5.56%,-0.71%,4.24%,2.52%,-2.70%,-3.39%,-2.43%,,,,,,,6.65%,,,,,,,,,,,,,,,,
,,,,,,7.26%,,,,,3.11%,,6.49%,,10.09%,10.51%,,,3.92%,-3.47%,2.11%,5.50%,2.38%,-2.59%,,,,,,,4.42%,,,,,,,,,,,,,,,,
,,,,,,-4.84%,,,,,-2.77%,,-4.69%,,-4.24%,-3.98%,,,0.94%,-5.68%,0.64%,1.00%,-4.31%,-6.18%,,,,,,,7.61%,,,,,,,,,,,,,,,,
,,,,,,2.86%,,,,,1.22%,,3.54%,,3.55%,3.61%,,,1.26%,16.32%,2.00%,2.30%,0.91%,5.12%,,,,,,,6.10%,,,,,,,,,,,,,,,,
,,,,,,-4.88%,,,,,-3.86%,,-3.98%,,-1.51%,-1.39%,,,-0.89%,-1.46%,-2.40%,-4.50%,-0.07%,1.49%,,,,,,,2.29%,,,,,,,,,,,,,,,,
,,,,,,0.40%,,,,,2.70%,,2.87%,,9.19%,9.51%,,,1.12%,9.15%,12.21%,0.80%,0.14%,0.65%,,,,,,,7.67%,,,,,,,,,,,,,,,,
,,,,,,,,,,,-1.06%,,-2.51%,,1.18%,1.15%,,,4.19%,2.31%,-6.16%,-0.20%,-2.66%,-0.15%,,,,,,,1.85%,,,,,,,,,,,,,,,,
,,,,,,,,,,,0.86%,,-5.58%,,-5.65%,-5.70%,,,-4.02%,-2.83%,10.46%,4.50%,3.53%,0.39%,,,,,,,0.04%,,,,,,,,,,,,,,,,
,,,,,,,,,,,1.93%,,7.10%,,4.52%,4.51%,,,5.89%,-1.11%,6.33%,2.90%,7.05%,0.18%,,,,,,,4.89%,,,,,,,,,,,,,,,,
,,,,,,,,,,,19.57%,,5.26%,,11.06%,10.99%,,,16.50%,4.68%,5.77%,8.40%,11.37%,25.28%,,,,,,,-3.75%,,,,,,,,,,,,,,,,
,,,,,,,,,,,-4.75%,,0.84%,,1.35%,1.51%,,,0.10%,-0.29%,2.45%,-2.70%,-3.54%,-1.59%,,,,,,,9.08%,,,,,,,,,,,,,,,,
,,,,,,,,,,,1.36%,,1.84%,,3.23%,2.97%,,,-1.20%,3.64%,-0.67%,1.60%,-5.98%,1.57%,,,,,,,4.54%,,,,,,,,,,,,,,,,
,,,,,,,,,,,3.55%,,3.65%,,8.53%,8.53%,,,2.60%,2.57%,5.24%,4.10%,-0.81%,1.89%,,,,,,,-2.78%,,,,,,,,,,,,,,,,
,,,,,,,,,,,-5.43%,,-2.60%,,-1.48%,-1.63%,,,-4.20%,11.44%,-6.34%,-5.10%,-2.96%,-5.17%,,,,,,,6.08%,,,,,,,,,,,,,,,,
,,,,,,,,,,,2.79%,,0.62%,,8.02%,7.38%,,,1.08%,5.56%,2.33%,4.90%,4.45%,-3.20%,,,,,,,2.17%,,,,,,,,,,,,,,,,
,,,,,,,,,,,0.21%,,3.41%,,3.27%,3.27%,,,-0.25%,,-2.66%,-2.20%,1.29%,2.48%,,,,,,,-8.12%,,,,,,,,,,,,,,,,
,,,,,,,,,,,0.25%,,2.55%,,1.50%,1.50%,,,0.37%,,2.88%,3.20%,1.70%,4.77%,,,,,,,0.41%,,,,,,,,,,,,,,,,
,,,,,,,,,,,7.95%,,6.75%,,8.34%,8.14%,,,,,0.26%,,1.92%,-2.35%,,,,,,,5.21%,,,,,,,,,,,,,,,,
,,,,,,,,,,,5.72%,,1.81%,,9.96%,9.96%,,,,,1.55%,,0.49%,-3.54%,,,,,,,9.88%,,,,,,,,,,,,,,,,
,,,,,,,,,,,-8.58%,,-1.57%,,-12.97%,-12.97%,,,,,2.36%,,4.45%,-0.41%,,,,,,,4.56%,,,,,,,,,,,,,,,,
,,,,,,,,,,,1.87%,,0.96%,,,,,,,,2.46%,,2.22%,6.51%,,,,,,,11.47%,,,,,,,,,,,,,,,,
,,,,,,,,,,,1.02%,,-6.76%,,,,,,,,-1.97%,,-2.73%,-4.11%,,,,,,,4.23%,,,,,,,,,,,,,,,,
,,,,,,,,,,,19.27%,,8.17%,,,,,,,,7.11%,,3.83%,9.18%,,,,,,,-6.62%,,,,,,,,,,,,,,,,
,,,,,,,,,,,0.20%,,4.26%,,,,,,,,0.12%,,-0.66%,5.39%,,,,,,,4.75%,,,,,,,,,,,,,,,,
,,,,,,,,,,,-0.62%,,-0.83%,,,,,,,,-6.77%,,-1.14%,1.89%,,,,,,,2.51%,,,,,,,,,,,,,,,,
,,,,,,,,,,,-4.07%,,-2.04%,,,,,,,,-2.60%,,-4.62%,1.40%,,,,,,,7.47%,,,,,,,,,,,,,,,,
,,,,,,,,,,,-2.17%,,-3.87%,,,,,,,,0.33%,,0.88%,6.60%,,,,,,,8.09%,,,,,,,,,,,,,,,,
,,,,,,,,,,,5.12%,,3.74%,,,,,,,,1.48%,,-1.41%,6.91%,,,,,,,-0.48%,,,,,,,,,,,,,,,,
,,,,,,,,,,,9.64%,,3.40%,,,,,,,,-3.60%,,4.28%,12.66%,,,,,,,2.96%,,,,,,,,,,,,,,,,
,,,,,,,,,,,-3.12%,,1.11%,,,,,,,,-0.66%,,-1.04%,-5.51%,,,,,,,16.33%,,,,,,,,,,,,,,,,
,,,,,,,,,,,1.46%,,6.51%,,,,,,,,1.41%,,3.34%,11.43%,,,,,,,7.65%,,,,,,,,,,,,,,,,
,,,,,,,,,,,10.37%,,,,,,,,,,7.81%,,5.64%,16.24%,,,,,,,1.69%,,,,,,,,,,,,,,,,
,,,,,,,,,,,7.51%,,,,,,,,,,3.26%,,1.28%,17.55%,,,,,,,7.97%,,,,,,,,,,,,,,,,
,,,,,,,,,,,7.26%,,,,,,,,,,2.42%,,-1.61%,-1.20%,,,,,,,1.95%,,,,,,,,,,,,,,,,
,,,,,,,,,,,3.88%,,,,,,,,,,-0.15%,,-0.49%,-4.28%,,,,,,,-2.89%,,,,,,,,,,,,,,,,
,,,,,,,,,,,-0.30%,,,,,,,,,,-2.77%,,1.30%,-3.32%,,,,,,,4.19%,,,,,,,,,,,,,,,,
,,,,,,,,,,,-4.40%,,,,,,,,,,2.55%,,-0.35%,-9.28%,,,,,,,0.45%,,,,,,,,,,,,,,,,
,,,,,,,,,,,8.59%,,,,,,,,,,11.29%,,3.60%,17.48%,,,,,,,-2.06%,,,,,,,,,,,,,,,,
,,,,,,,,,,,-0.48%,,,,,,,,,,7.78%,,1.34%,2.60%,,,,,,,-1.86%,,,,,,,,,,,,,,,,
,,,,,,,,,,,-6.65%,,,,,,,,,,4.07%,,-5.76%,-5.40%,,,,,,,-0.72%,,,,,,,,,,,,,,,,
,,,,,,,,,,,5.38%,,,,,,,,,,-2.58%,,7.69%,8.72%,,,,,,,2.57%,,,,,,,,,,,,,,,,
,,,,,,,,,,,5.70%,,,,,,,,,,1.61%,,6.23%,13.01%,,,,,,,-4.49%,,,,,,,,,,,,,,,,
,,,,,,,,,,,2.07%,,,,,,,,,,4.48%,,3.24%,9.24%,,,,,,,8.94%,,,,,,,,,,,,,,,,
,,,,,,,,,,,-3.81%,,,,,,,,,,-0.37%,,-1.38%,-5.58%,,,,,,,-0.81%,,,,,,,,,,,,,,,,
,,,,,,,,,,,1.75%,,,,,,,,,,3.24%,,-3.49%,-2.80%,,,,,,,9.41%,,,,,,,,,,,,,,,,
,,,,,,,,,,,-0.58%,,,,,,,,,,0.20%,,-4.77%,-3.27%,,,,,,,-4.11%,,,,,,,,,,,,,,,,
,,,,,,,,,,,-3.70%,,,,,,,,,,-3.27%,,-1.13%,-10.31%,,,,,,,2.27%,,,,,,,,,,,,,,,,
,,,,,,,,,,,3.63%,,,,,,,,,,1.12%,,1.69%,-1.32%,,,,,,,,,,,,,,,,,,,,,,,
,,,,,,,,,,,6.49%,,,,,,,,,,11.79%,,4.49%,20.13%,,,,,,,,,,,,,,,,,,,,,,,
,,,,,,,,,,,2.16%,,,,,,,,,,1.71%,,2.81%,3.21%,,,,,,,,,,,,,,,,,,,,,,,
,,,,,,,,,,,10.15%,,,,,,,,,,3.46%,,11.89%,14.13%,,,,,,,,,,,,,,,,,,,,,,,
,,,,,,,,,,,9.57%,,,,,,,,,,3.17%,,6.48%,8.85%,,,,,,,,,,,,,,,,,,,,,,,
,,,,,,,,,,,-6.16%,,,,,,,,,,-0.77%,,,-1.39%,,,,,,,,,,,,,,,,,,,,,,,
,,,,,,,,,,,,,,,,,,,,,-0.46%,,,-10.45%,,,,,,,,,,,,,,,,,,,,,,,
,,,,,,,,,,,,,,,,,,,,,0.08%,,,8.74%,,,,,,,,,,,,,,,,,,,,,,,
,,,,,,,,,,,,,,,,,,,,,-0.65%,,,-10.50%,,,,,,,,,,,,,,,,,,,,,,,
,,,,,,,,,,,,,,,,,,,,,-0.28%,,,13.36%,,,,,,,,,,,,,,,,,,,,,,,
,,,,,,,,,,,,,,,,,,,,,-2.99%,,,-8.59%,,,,,,,,,,,,,,,,,,,,,,,
,,,,,,,,,,,,,,,,,,,,,-3.89%,,,-0.10%,,,,,,,,,,,,,,,,,,,,,,,
,,,,,,,,,,,,,,,,,,,,,-4.28%,,,1.66%,,,,,,,,,,,,,,,,,,,,,,,
,,,,,,,,,,,,,,,,,,,,,1.45%,,,5.05%,,,,,,,,,,,,,,,,,,,,,,,
,,,,,,,,,,,,,,,,,,,,,8.30%,,,2.17%,,,,,,,,,,,,,,,,,,,,,,,
,,,,,,,,,,,,,,,,,,,,,4.38%,,,10.58%,,,,,,,,,,,,,,,,,,,,,,,
,,,,,,,,,,,,,,,,,,,,,5.67%,,,-0.70%,,,,,,,,,,,,,,,,,,,,,,,
,,,,,,,,,,,,,,,,,,,,,-0.04%,,,-18.30%,,,,,,,,,,,,,,,,,,,,,,,
,,,,,,,,,,,,,,,,,,,,,-3.24%,,,9.45%,,,,,,,,,,,,,,,,,,,,,,,
,,,,,,,,,,,,,,,,,,,,,0.90%,,,4.90%,,,,,,,,,,,,,,,,,,,,,,,
,,,,,,,,,,,,,,,,,,,,,0.13%,,,1.74%,,,,,,,,,,,,,,,,,,,,,,,
,,,,,,,,,,,,,,,,,,,,,,,,-6.67%,,,,,,,,,,,,,,,,,,,,,,,
,,,,,,,,,,,,,,,,,,,,,,,,4.85%,,,,,,,,,,,,,,,,,,,,,,,
,,,,,,,,,,,,,,,,,,,,,,,,9.41%,,,,,,,,,,,,,,,,,,,,,,,
,,,,,,,,,,,,,,,,,,,,,,,,12.13%,,,,,,,,,,,,,,,,,,,,,,,
,,,,,,,,,,,,,,,,,,,,,,,,3.81%,,,,,,,,,,,,,,,,,,,,,,,
,,,,,,,,,,,,,,,,,,,,,,,,9.41%,,,,,,,,,,,,,,,,,,,,,,,
,,,,,,,,,,,,,,,,,,,,,,,,-8.28%,,,,,,,,,,,,,,,,,,,,,,,
,,,,,,,,,,,,,,,,,,,,,,,,9.63%,,,,,,,,,,,,,,,,,,,,,,,
,,,,,,,,,,,,,,,,,,,,,,,,-1.38%,,,,,,,,,,,,,,,,,,,,,,,
,,,,,,,,,,,,,,,,,,,,,,,,-4.60%,,,,,,,,,,,,,,,,,,,,,,,
,,,,,,,,,,,,,,,,,,,,,,,,7.70%,,,,,,,,,,,,,,,,,,,,,,,
,,,,,,,,,,,,,,,,,,,,,,,,-4.35%,,,,,,,,,,,,,,,,,,,,,,,
,,,,,,,,,,,,,,,,,,,,,,,,-1.18%,,,,,,,,,,,,,,,,,,,,,,,
,,,,,,,,,,,,,,,,,,,,,,,,7.51%,,,,,,,,,,,,,,,,,,,,,,,
,,,,,,,,,,,,,,,,,,,,,,,,11.43%,,,,,,,,,,,,,,,,,,,,,,,
,,,,,,,,,,,,,,,,,,,,,,,,9.35%,,,,,,,,,,,,,,,,,,,,,,,
,,,,,,,,,,,,,,,,,,,,,,,,-3.45%,,,,,,,,,,,,,,,,,,,,,,,
,,,,,,,,,,,,,,,,,,,,,,,,,,,,,,,,,,,,,,,,,,,,,,,
,,,,,,,,,,,,,,,,,,,,,,,,,,,,,,,,,,,,,,,,,,,,,,,
,,,,,,,,,,,,,,,,,,,,,,,,,,,,,,,,,,,,,,,,,,,,,,,
,,,,,,,,,,,,,,,,,,,,,,,,,,,,,,,,,,,,,,,,,,,,,,,
,,,,,,,,,,,,,,,,,,,,,,,,,,,,,,,,,,,,,,,,,,,,,,,
,,,,,,,,,,,,,,,,,,,,,,,,,,,,,,,,,,,,,,,,,,,,,,,
,,,,,,,,,,,,,,,,,,,,,,,,,,,,,,,,,,,,,,,,,,,,,,,
,,,,,,,,,,,,,,,,,,,,,,,,,,,,,,,,,,,,,,,,,,,,,,,
,,,,,,,,,,,,,,,,,,,,,,,,,,,,,,,,,,,,,,,,,,,,,,,
12/31/00,,,,,,,,,,,,,,,,,,,,,,,,,,,,,,,,,,,,,,,,,,,,,,,
11/30/00,,,,,,,,,,,,,,,,,,,,,,,,,,,,,,,,,,,,,,,,,,,,,,,
10/31/00,,,,,,,,,,,,,,,,,,,,,,,,,,,,,,,,,,,,,,,,,,,,,,,
9/30/00,,,,,,,,,,,,,,,,,,,,,,,,,,,,,,,,,,,,,,,,,,,,,,,
8/31/00,,,,,,,,,,,,,,,,,,,,,,,,,,,,,,,,,,,,,,,,,,,,,,,
7/31/00,,,,,,,,,,,,,,,,,,,,,,,,,,,,,,,,,,,,,,,,,,,,,,,
6/30/00,,,,,,,,,,,,,,,,,,,,,,,,,,,,,,,,,,,,,,,,,,,,,,,
5/31/00,,,,,,,,,,,,,,,,,,,,,,,,,,,,,,,,,,,,,,,,,,,,,,,
4/30/00,,,,,,,,,,,,,,,,,,,,,,,,,,,,,,,,,,,,,,,,,,,,,,,
3/31/00,,,,,,,,,,,,,,,,,,,,,,,,,,,,,,,,,,,,,,,,,,,,,,,
2/29/00,,,,,,,,,,,,,,,,,,,,,,,,,,,,,,,,,,,,,,,,,,,,,,,
1/31/00,,,,,,,,,,,,,,,,,,,,,,,,,,,,,,,,,,,,,,,,,,,,,,,
12/31/99,,,,,,,,,,,,,,,,,,,,,,,,,,,,,,,,,,,,,,,,,,,,,,,
11/30/99,,,,,,,,,,,,,,,,,,,,,,,,,,,,,,,,,,,,,,,,,,,,,,,
10/31/99,,,,,,,,,,,,,,,,,,,,,,,,,,,,,,,,,,,,,,,,,,,,,,,
9/30/99,,,,,,,,,,,,,,,,,,,,,,,,,,,,,,,,,,,,,,,,,,,,,,,
8/31/99,,,,,,,,,,,,,,,,,,,,,,,,,,,,,,,,,,,,,,,,,,,,,,,
7/31/99,,,,,,,,,,,,,,,,,,,,,,,,,,,,,,,,,,,,,,,,,,,,,,,
6/30/99,,,,,,,,,,,,,,,,,,,,,,,,,,,,,,,,,,,,,,,,,,,,,,,
5/31/99,,,,,,,,,,,,,,,,,,,,,,,,,,,,,,,,,,,,,,,,,,,,,,,
4/30/99,,,,,,,,,,,,,,,,,,,,,,,,,,,,,,,,,,,,,,,,,,,,,,,
3/31/99,,,,,,,,,,,,,,,,,,,,,,,,,,,,,,,,,,,,,,,,,,,,,,,
2/28/99,,,,,,,,,,,,,,,,,,,,,,,,,,,,,,,,,,,,,,,,,,,,,,,
1/31/99,,,,,,,,,,,,,,,,,,,,,,,,,,,,,,,,,,,,,,,,,,,,,,,
12/31/98,,,,,,,,,,,,,,,,,,,,,,,,,,,,,,,,,,,,,,,,,,,,,,,
11/30/98,,,,,,,,,,,,,,,,,,,,,,,,,,,,,,,,,,,,,,,,,,,,,,,
10/31/98,,,,,,,,,,,,,,,,,,,,,,,,,,,,,,,,,,,,,,,,,,,,,,,
9/30/98,,,,,,,,,,,,,,,,,,,,,,,,,,,,,,,,,,,,,,,,,,,,,,,
8/31/98,,,,,,,,,,,,,,,,,,,,,,,,,,,,,,,,,,,,,,,,,,,,,,,
7/31/98,,,,,,,,,,,,,,,,,,,,,,,,,,,,,,,,,,,,,,,,,,,,,,,
6/30/98,,,,,,,,,,,,,,,,,,,,,,,,,,,,,,,,,,,,,,,,,,,,,,,
5/31/98,,,,,,,,,,,,,,,,,,,,,,,,,,,,,,,,,,,,,,,,,,,,,,,
4/30/98,,,,,,,,,,,,,,,,,,,,,,,,,,,,,,,,,,,,,,,,,,,,,,,
3/31/98,,,,,,,,,,,,,,,,,,,,,,,,,,,,,,,,,,,,,,,,,,,,,,,
2/28/98,,,,,,,,,,,,,,,,,,,,,,,,,,,,,,,,,,,,,,,,,,,,,,,
1/31/98,,,,,,,,,,,,,,,,,,,,,,,,,,,,,,,,,,,,,,,,,,,,,,,
12/31/97,,,,,,,,,,,,,,,,,,,,,,,,,,,,,,,,,,,,,,,,,,,,,,,
11/30/97,,,,,,,,,,,,,,,,,,,,,,,,,,,,,,,,,,,,,,,,,,,,,,,
10/31/97,,,,,,,,,,,,,,,,,,,,,,,,,,,,,,,,,,,,,,,,,,,,,,,
9/30/97,,,,,,,,,,,,,,,,,,,,,,,,,,,,,,,,,,,,,,,,,,,,,,,
8/31/97,,,,,,,,,,,,,,,,,,,,,,,,,,,,,,,,,,,,,,,,,,,,,,,
7/31/97,,,,,,,,,,,,,,,,,,,,,,,,,,,,,,,,,,,,,,,,,,,,,,,
6/30/97,,,,,,,,,,,,,,,,,,,,,,,,,,,,,,,,,,,,,,,,,,,,,,,
5/31/97,,,,,,,,,,,,,,,,,,,,,,,,,,,,,,,,,,,,,,,,,,,,,,,
4/30/97,,,,,,,,,,,,,,,,,,,,,,,,,,,,,,,,,,,,,,,,,,,,,,,
3/31/97,,,,,,,,,,,,,,,,,,,,,,,,,,,,,,,,,,,,,,,,,,,,,,,
2/28/97,,,,,,,,,,,,,,,,,,,,,,,,,,,,,,,,,,,,,,,,,,,,,,,
1/31/97,,,,,,,,,,,,,,,,,,,,,,,,,,,,,,,,,,,,,,,,,,,,,,,
12/31/96,,,,,,,,,,,,,,,,,,,,,,,,,,,,,,,,,,,,,,,,,,,,,,,
11/30/96,,,,,,,,,,,,,,,,,,,,,,,,,,,,,,,,,,,,,,,,,,,,,,,
10/31/96,,,,,,,,,,,,,,,,,,,,,,,,,,,,,,,,,,,,,,,,,,,,,,,
9/30/96,,,,,,,,,,,,,,,,,,,,,,,,,,,,,,,,,,,,,,,,,,,,,,,
8/31/96,,,,,,,,,,,,,,,,,,,,,,,,,,,,,,,,,,,,,,,,,,,,,,,
7/31/96,,,,,,,,,,,,,,,,,,,,,,,,,,,,,,,,,,,,,,,,,,,,,,,
6/30/96,,,,,,,,,,,,,,,,,,,,,,,,,,,,,,,,,,,,,,,,,,,,,,,
5/31/96,,,,,,,,,,,,,,,,,,,,,,,,,,,,,,,,,,,,,,,,,,,,,,,
4/30/96,,,,,,,,,,,,,,,,,,,,,,,,,,,,,,,,,,,,,,,,,,,,,,,
3/31/96,,,,,,,,,,,,,,,,,,,,,,,,,,,,,,,,,,,,,,,,,,,,,,,
2/29/96,,,,,,,,,,,,,,,,,,,,,,,,,,,,,,,,,,,,,,,,,,,,,,,
1/31/96,,,,,,,,,,,,,,,,,,,,,,,,,,,,,,,,,,,,,,,,,,,,,,,
12/31/95,,,,,,,,,,,,,,,,,,,,,,,,,,,,,,,,,,,,,,,,,,,,,,,
11/30/95,,,,,,,,,,,,,,,,,,,,,,,,,,,,,,,,,,,,,,,,,,,,,,,
10/31/95,,,,,,,,,,,,,,,,,,,,,,,,,,,,,,,,,,,,,,,,,,,,,,,
9/30/95,,,,,,,,,,,,,,,,,,,,,,,,,,,,,,,,,,,,,,,,,,,,,,,
8/31/95,,,,,,,,,,,,,,,,,,,,,,,,,,,,,,,,,,,,,,,,,,,,,,,
7/31/95,,,,,,,,,,,,,,,,,,,,,,,,,,,,,,,,,,,,,,,,,,,,,,,
6/30/95,,,,,,,,,,,,,,,,,,,,,,,,,,,,,,,,,,,,,,,,,,,,,,,
5/31/95,,,,,,,,,,,,,,,,,,,,,,,,,,,,,,,,,,,,,,,,,,,,,,,
4/30/95,,,,,,,,,,,,,,,,,,,,,,,,,,,,,,,,,,,,,,,,,,,,,,,
3/31/95,,,,,,,,,,,,,,,,,,,,,,,,,,,,,,,,,,,,,,,,,,,,,,,
2/28/95,,,,,,,,,,,,,,,,,,,,,,,,,,,,,,,,,,,,,,,,,,,,,,,
1/31/95,,,,,,,,,,,,,,,,,,,,,,,,,,,,,,,,,,,,,,,,,,,,,,,
12/31/94,,,,,,,,,,,,,,,,,,,,,,,,,,,,,,,,,,,,,,,,,,,,,,,
11/30/94,,,,,,,,,,,,,,,,,,,,,,,,,,,,,,,,,,,,,,,,,,,,,,,
10/31/94,,,,,,,,,,,,,,,,,,,,,,,,,,,,,,,,,,,,,,,,,,,,,,,
9/30/94,,,,,,,,,,,,,,,,,,,,,,,,,,,,,,,,,,,,,,,,,,,,,,,
8/31/94,,,,,,,,,,,,,,,,,,,,,,,,,,,,,,,,,,,,,,,,,,,,,,,
7/31/94,,,,,,,,,,,,,,,,,,,,,,,,,,,,,,,,,,,,,,,,,,,,,,,
6/30/94,,,,,,,,,,,,,,,,,,,,,,,,,,,,,,,,,,,,,,,,,,,,,,,
5/31/94,,,,,,,,,,,,,,,,,,,,,,,,,,,,,,,,,,,,,,,,,,,,,,,
4/30/94,,,,,,,,,,,,,,,,,,,,,,,,,,,,,,,,,,,,,,,,,,,,,,,
3/31/94,,,,,,,,,,,,,,,,,,,,,,,,,,,,,,,,,,,,,,,,,,,,,,,
2/28/94,,,,,,,,,,,,,,,,,,,,,,,,,,,,,,,,,,,,,,,,,,,,,,,
1/31/94,,,,,,,,,,,,,,,,,,,,,,,,,,,,,,,,,,,,,,,,,,,,,,,
12/31/93,,,,,,,,,,,,,,,,,,,,,,,,,,,,,,,,,,,,,,,,,,,,,,,
11/30/93,,,,,,,,,,,,,,,,,,,,,,,,,,,,,,,,,,,,,,,,,,,,,,,
10/31/93,,,,,,,,,,,,,,,,,,,,,,,,,,,,,,,,,,,,,,,,,,,,,,,
9/30/93,,,,,,,,,,,,,,,,,,,,,,,,,,,,,,,,,,,,,,,,,,,,,,,
8/31/93,,,,,,,,,,,,,,,,,,,,,,,,,,,,,,,,,,,,,,,,,,,,,,,
7/31/93,,,,,,,,,,,,,,,,,,,,,,,,,,,,,,,,,,,,,,,,,,,,,,,
6/30/93,,,,,,,,,,,,,,,,,,,,,,,,,,,,,,,,,,,,,,,,,,,,,,,
5/31/93,,,,,,,,,,,,,,,,,,,,,,,,,,,,,,,,,,,,,,,,,,,,,,,
4/30/93,,,,,,,,,,,,,,,,,,,,,,,,,,,,,,,,,,,,,,,,,,,,,,,
3/31/93,,,,,,,,,,,,,,,,,,,,,,,,,,,,,,,,,,,,,,,,,,,,,,,
2/28/93,,,,,,,,,,,,,,,,,,,,,,,,,,,,,,,,,,,,,,,,,,,,,,,
1/31/93,,,,,,,,,,,,,,,,,,,,,,,,,,,,,,,,,,,,,,,,,,,,,,,
12/31/92,,,,,,,,,,,,,,,,,,,,,,,,,,,,,,,,,,,,,,,,,,,,,,,
11/30/92,,,,,,,,,,,,,,,,,,,,,,,,,,,,,,,,,,,,,,,,,,,,,,,
10/31/92,,,,,,,,,,,,,,,,,,,,,,,,,,,,,,,,,,,,,,,,,,,,,,,
9/30/92,,,,,,,,,,,,,,,,,,,,,,,,,,,,,,,,,,,,,,,,,,,,,,,
8/31/92,,,,,,,,,,,,,,,,,,,,,,,,,,,,,,,,,,,,,,,,,,,,,,,
7/31/92,,,,,,,,,,,,,,,,,,,,,,,,,,,,,,,,,,,,,,,,,,,,,,,
6/30/92,,,,,,,,,,,,,,,,,,,,,,,,,,,,,,,,,,,,,,,,,,,,,,,
5/31/92,,,,,,,,,,,,,,,,,,,,,,,,,,,,,,,,,,,,,,,,,,,,,,,
4/30/92,,,,,,,,,,,,,,,,,,,,,,,,,,,,,,,,,,,,,,,,,,,,,,,
3/31/92,,,,,,,,,,,,,,,,,,,,,,,,,,,,,,,,,,,,,,,,,,,,,,,
2/29/92,,,,,,,,,,,,,,,,,,,,,,,,,,,,,,,,,,,,,,,,,,,,,,,
1/31/92,,,,,,,,,,,,,,,,,,,,,,,,,,,,,,,,,,,,,,,,,,,,,,,
12/31/91,,,,,,,,,,,,,,,,,,,,,,,,,,,,,,,,,,,,,,,,,,,,,,,
11/30/91,,,,,,,,,,,,,,,,,,,,,,,,,,,,,,,,,,,,,,,,,,,,,,,
10/31/91,,,,,,,,,,,,,,,,,,,,,,,,,,,,,,,,,,,,,,,,,,,,,,,
9/30/91,,,,,,,,,,,,,,,,,,,,,,,,,,,,,,,,,,,,,,,,,,,,,,,
8/31/91,,,,,,,,,,,,,,,,,,,,,,,,,,,,,,,,,,,,,,,,,,,,,,,
7/31/91,,,,,,,,,,,,,,,,,,,,,,,,,,,,,,,,,,,,,,,,,,,,,,,